,CRIM,ZN,INDUS,CHAS,NOX,RM,AGE,DIS,TAX,PTRATIO,B,LSTAT,RAD_1.0,RAD_2.0,RAD_3.0,RAD_4.0,RAD_5.0,RAD_6.0,RAD_7.0,RAD_8.0,RAD_24.0,Label
0,0.00632,18.0,2.31,0.0,0.538,6.575,65.2,4.09,296.0,15.300000000000002,396.9,4.98,1.0,0.0,0.0,0.0,0.0,0.0,0.0,0.0,0.0,2
1,0.02731,0.0,7.070000000000001,0.0,0.469,6.421,78.9,4.9671,242.0,17.8,396.9,9.14,0.0,1.0,0.0,0.0,0.0,0.0,0.0,0.0,0.0,2
2,0.027290000000000002,0.0,7.070000000000001,0.0,0.469,7.185,61.10000000000001,4.9671,242.0,17.8,392.83,4.03,0.0,1.0,0.0,0.0,0.0,0.0,0.0,0.0,0.0,2
3,0.03237,0.0,2.18,0.0,0.458,6.998000000000001,45.8,6.0622,222.0,18.7,394.63,2.94,0.0,0.0,1.0,0.0,0.0,0.0,0.0,0.0,0.0,2
4,0.06905,0.0,2.18,0.0,0.458,7.147,54.2,6.0622,222.0,18.7,396.9,5.33,0.0,0.0,1.0,0.0,0.0,0.0,0.0,0.0,0.0,2
5,0.029849999999999998,0.0,2.18,0.0,0.458,6.43,58.7,6.0622,222.0,18.7,394.12,5.21,0.0,0.0,1.0,0.0,0.0,0.0,0.0,0.0,0.0,2
6,0.08829,12.5,7.87,0.0,0.524,6.012,66.6,5.560500000000001,311.0,15.2,395.6,12.430000000000001,0.0,0.0,0.0,0.0,1.0,0.0,0.0,0.0,0.0,0
7,0.14455,12.5,7.87,0.0,0.524,6.172,96.1,5.950499999999999,311.0,15.2,396.9,19.15,0.0,0.0,0.0,0.0,1.0,0.0,0.0,0.0,0.0,0
8,0.21124,12.5,7.87,0.0,0.524,5.631000000000001,100.0,6.0821000000000005,311.0,15.2,386.63,29.93,0.0,0.0,0.0,0.0,1.0,0.0,0.0,0.0,0.0,0
9,0.17004,12.5,7.87,0.0,0.524,6.004,85.9,6.5921,311.0,15.2,386.71,17.1,0.0,0.0,0.0,0.0,1.0,0.0,0.0,0.0,0.0,0
10,0.22489,12.5,7.87,0.0,0.524,6.377,94.3,6.346700000000001,311.0,15.2,392.52,20.450000000000003,0.0,0.0,0.0,0.0,1.0,0.0,0.0,0.0,0.0,0
11,0.11747,12.5,7.87,0.0,0.524,6.009,82.9,6.2267,311.0,15.2,396.9,13.27,0.0,0.0,0.0,0.0,1.0,0.0,0.0,0.0,0.0,0
12,0.09378,12.5,7.87,0.0,0.524,5.889,39.0,5.4509,311.0,15.2,390.5,15.71,0.0,0.0,0.0,0.0,1.0,0.0,0.0,0.0,0.0,0
13,0.62976,0.0,8.14,0.0,0.538,5.949,61.8,4.7075,307.0,21.000000000000004,396.9,8.26,0.0,0.0,0.0,1.0,0.0,0.0,0.0,0.0,0.0,3
14,0.63796,0.0,8.14,0.0,0.538,6.096,84.5,4.4619,307.0,21.000000000000004,380.02,10.26,0.0,0.0,0.0,1.0,0.0,0.0,0.0,0.0,0.0,3
15,0.62739,0.0,8.14,0.0,0.538,5.834,56.5,4.4986,307.0,21.000000000000004,395.62,8.47,0.0,0.0,0.0,1.0,0.0,0.0,0.0,0.0,0.0,3
16,1.05393,0.0,8.14,0.0,0.538,5.935,29.3,4.4986,307.0,21.000000000000004,386.85,6.58,0.0,0.0,0.0,1.0,0.0,0.0,0.0,0.0,0.0,3
17,0.7842000000000001,0.0,8.14,0.0,0.538,5.990000000000001,81.7,4.2579,307.0,21.000000000000004,386.75,14.67,0.0,0.0,0.0,1.0,0.0,0.0,0.0,0.0,0.0,3
18,0.80271,0.0,8.14,0.0,0.538,5.456000000000001,36.6,3.7965,307.0,21.000000000000004,288.99,11.69,0.0,0.0,0.0,1.0,0.0,0.0,0.0,0.0,0.0,3
19,0.7258,0.0,8.14,0.0,0.538,5.727,69.5,3.7965,307.0,21.000000000000004,390.95,11.28,0.0,0.0,0.0,1.0,0.0,0.0,0.0,0.0,0.0,3
20,1.25179,0.0,8.14,0.0,0.538,5.57,98.1,3.7978999999999994,307.0,21.000000000000004,376.57,21.020000000000003,0.0,0.0,0.0,1.0,0.0,0.0,0.0,0.0,0.0,3
21,0.85204,0.0,8.14,0.0,0.538,5.965,89.2,4.0123,307.0,21.000000000000004,392.53,13.83,0.0,0.0,0.0,1.0,0.0,0.0,0.0,0.0,0.0,3
22,1.23247,0.0,8.14,0.0,0.538,6.142000000000001,91.7,3.9769,307.0,21.000000000000004,396.9,18.72,0.0,0.0,0.0,1.0,0.0,0.0,0.0,0.0,0.0,3
23,0.98843,0.0,8.14,0.0,0.538,5.813,100.0,4.0952,307.0,21.000000000000004,394.54,19.880000000000003,0.0,0.0,0.0,1.0,0.0,0.0,0.0,0.0,0.0,3
24,0.75026,0.0,8.14,0.0,0.538,5.924,94.1,4.3996,307.0,21.000000000000004,394.33,16.3,0.0,0.0,0.0,1.0,0.0,0.0,0.0,0.0,0.0,3
25,0.84054,0.0,8.14,0.0,0.538,5.599,85.7,4.4546,307.0,21.000000000000004,303.42,16.51,0.0,0.0,0.0,1.0,0.0,0.0,0.0,0.0,0.0,3
26,0.67191,0.0,8.14,0.0,0.538,5.813,90.3,4.682,307.0,21.000000000000004,376.88,14.81,0.0,0.0,0.0,1.0,0.0,0.0,0.0,0.0,0.0,3
27,0.9557700000000001,0.0,8.14,0.0,0.538,6.046999999999999,88.8,4.4534,307.0,21.000000000000004,306.38,17.28,0.0,0.0,0.0,1.0,0.0,0.0,0.0,0.0,0.0,3
28,0.77299,0.0,8.14,0.0,0.538,6.495,94.4,4.4547,307.0,21.000000000000004,387.94,12.800000000000002,0.0,0.0,0.0,1.0,0.0,0.0,0.0,0.0,0.0,3
29,1.00245,0.0,8.14,0.0,0.538,6.674,87.3,4.239,307.0,21.000000000000004,380.23,11.980000000000002,0.0,0.0,0.0,1.0,0.0,0.0,0.0,0.0,0.0,3
30,1.13081,0.0,8.14,0.0,0.538,5.713,94.1,4.233,307.0,21.000000000000004,360.17,22.6,0.0,0.0,0.0,1.0,0.0,0.0,0.0,0.0,0.0,3
31,1.35472,0.0,8.14,0.0,0.538,6.072,100.0,4.175,307.0,21.000000000000004,376.73,13.04,0.0,0.0,0.0,1.0,0.0,0.0,0.0,0.0,0.0,3
32,1.38799,0.0,8.14,0.0,0.538,5.95,82.0,3.9900000000000007,307.0,21.000000000000004,232.60000000000002,27.710000000000004,0.0,0.0,0.0,1.0,0.0,0.0,0.0,0.0,0.0,3
33,1.15172,0.0,8.14,0.0,0.538,5.701,95.0,3.7872,307.0,21.000000000000004,358.77,18.35,0.0,0.0,0.0,1.0,0.0,0.0,0.0,0.0,0.0,3
34,1.61282,0.0,8.14,0.0,0.538,6.096,96.9,3.7597999999999994,307.0,21.000000000000004,248.30999999999997,20.340000000000003,0.0,0.0,0.0,1.0,0.0,0.0,0.0,0.0,0.0,3
35,0.06417,0.0,5.96,0.0,0.49900000000000005,5.933,68.2,3.3603,279.0,19.2,396.9,9.68,0.0,0.0,0.0,0.0,1.0,0.0,0.0,0.0,0.0,0
36,0.09743999999999998,0.0,5.96,0.0,0.49900000000000005,5.841,61.4,3.3779,279.0,19.2,377.56,11.41,0.0,0.0,0.0,0.0,1.0,0.0,0.0,0.0,0.0,0
37,0.08014,0.0,5.96,0.0,0.49900000000000005,5.85,41.5,3.9342,279.0,19.2,396.9,8.77,0.0,0.0,0.0,0.0,1.0,0.0,0.0,0.0,0.0,0
38,0.17505,0.0,5.96,0.0,0.49900000000000005,5.966,30.200000000000003,3.8473,279.0,19.2,393.43,10.13,0.0,0.0,0.0,0.0,1.0,0.0,0.0,0.0,0.0,0
39,0.02763,75.0,2.95,0.0,0.428,6.595000000000001,21.8,5.4011,252.0,18.3,395.63,4.32,0.0,0.0,1.0,0.0,0.0,0.0,0.0,0.0,0.0,2
40,0.03359,75.0,2.95,0.0,0.428,7.024,15.800000000000002,5.4011,252.0,18.3,395.62,1.98,0.0,0.0,1.0,0.0,0.0,0.0,0.0,0.0,0.0,2
41,0.12744,0.0,6.909999999999999,0.0,0.448,6.77,2.9,5.7209,233.0,17.9,385.41,4.84,0.0,0.0,1.0,0.0,0.0,0.0,0.0,0.0,0.0,2
42,0.1415,0.0,6.909999999999999,0.0,0.448,6.1690000000000005,6.599999999999999,5.7209,233.0,17.9,383.37,5.81,0.0,0.0,1.0,0.0,0.0,0.0,0.0,0.0,0.0,2
43,0.15936,0.0,6.909999999999999,0.0,0.448,6.211000000000001,6.5,5.7209,233.0,17.9,394.46,7.44,0.0,0.0,1.0,0.0,0.0,0.0,0.0,0.0,0.0,2
44,0.12268999999999998,0.0,6.909999999999999,0.0,0.448,6.069,40.0,5.7209,233.0,17.9,389.39,9.55,0.0,0.0,1.0,0.0,0.0,0.0,0.0,0.0,0.0,2
45,0.17142,0.0,6.909999999999999,0.0,0.448,5.682,33.8,5.1004,233.0,17.9,396.9,10.21,0.0,0.0,1.0,0.0,0.0,0.0,0.0,0.0,0.0,2
46,0.18836,0.0,6.909999999999999,0.0,0.448,5.786,33.3,5.1004,233.0,17.9,396.9,14.15,0.0,0.0,1.0,0.0,0.0,0.0,0.0,0.0,0.0,2
47,0.22927,0.0,6.909999999999999,0.0,0.448,6.03,85.5,5.6894,233.0,17.9,392.74,18.8,0.0,0.0,1.0,0.0,0.0,0.0,0.0,0.0,0.0,2
48,0.25387,0.0,6.909999999999999,0.0,0.448,5.399,95.3,5.87,233.0,17.9,396.9,30.810000000000002,0.0,0.0,1.0,0.0,0.0,0.0,0.0,0.0,0.0,2
49,0.21976999999999997,0.0,6.909999999999999,0.0,0.448,5.602,62.0,6.0877,233.0,17.9,396.9,16.2,0.0,0.0,1.0,0.0,0.0,0.0,0.0,0.0,0.0,2
50,0.08873000000000002,21.0,5.64,0.0,0.439,5.963,45.7,6.8147,243.0,16.8,395.56,13.45,0.0,0.0,0.0,1.0,0.0,0.0,0.0,0.0,0.0,3
51,0.04337,21.0,5.64,0.0,0.439,6.115,62.99999999999999,6.8147,243.0,16.8,393.97,9.43,0.0,0.0,0.0,1.0,0.0,0.0,0.0,0.0,0.0,3
52,0.0536,21.0,5.64,0.0,0.439,6.511,21.1,6.8147,243.0,16.8,396.9,5.28,0.0,0.0,0.0,1.0,0.0,0.0,0.0,0.0,0.0,3
53,0.04981,21.0,5.64,0.0,0.439,5.998,21.4,6.8147,243.0,16.8,396.9,8.43,0.0,0.0,0.0,1.0,0.0,0.0,0.0,0.0,0.0,3
54,0.013600000000000001,75.0,4.0,0.0,0.41,5.888,47.6,7.3197,468.99999999999994,21.1,396.9,14.8,0.0,0.0,1.0,0.0,0.0,0.0,0.0,0.0,0.0,2
55,0.01311,90.0,1.22,0.0,0.403,7.249,21.9,8.6966,226.0,17.9,395.93,4.81,0.0,0.0,0.0,0.0,1.0,0.0,0.0,0.0,0.0,0
56,0.020549999999999995,85.0,0.74,0.0,0.41,6.382999999999999,35.7,9.1876,313.0,17.3,396.9,5.77,0.0,1.0,0.0,0.0,0.0,0.0,0.0,0.0,0.0,2
57,0.01432,100.0,1.3199999999999998,0.0,0.411,6.816000000000001,40.5,8.3248,256.0,15.1,392.9,3.95,0.0,0.0,0.0,0.0,1.0,0.0,0.0,0.0,0.0,0
58,0.15445,25.0,5.13,0.0,0.453,6.145,29.200000000000003,7.8148,284.0,19.7,390.68,6.86,0.0,0.0,0.0,0.0,0.0,0.0,0.0,1.0,0.0,2
59,0.10328000000000001,25.0,5.13,0.0,0.453,5.926999999999999,47.2,6.932,284.0,19.7,396.9,9.22,0.0,0.0,0.0,0.0,0.0,0.0,0.0,1.0,0.0,2
60,0.14932,25.0,5.13,0.0,0.453,5.7410000000000005,66.2,7.2254,284.0,19.7,395.11,13.15,0.0,0.0,0.0,0.0,0.0,0.0,0.0,1.0,0.0,2
61,0.17171,25.0,5.13,0.0,0.453,5.966,93.4,6.8185,284.0,19.7,378.08,14.44,0.0,0.0,0.0,0.0,0.0,0.0,0.0,1.0,0.0,2
62,0.11026999999999999,25.0,5.13,0.0,0.453,6.456,67.8,7.225500000000001,284.0,19.7,396.9,6.73,0.0,0.0,0.0,0.0,0.0,0.0,0.0,1.0,0.0,2
63,0.1265,25.0,5.13,0.0,0.453,6.762,43.4,7.9809,284.0,19.7,395.58,9.5,0.0,0.0,0.0,0.0,0.0,0.0,0.0,1.0,0.0,2
64,0.01951,17.5,1.38,0.0,0.4161,7.104,59.5,9.2229,216.0,18.6,393.24,8.05,0.0,0.0,1.0,0.0,0.0,0.0,0.0,0.0,0.0,2
65,0.03584,80.0,3.37,0.0,0.398,6.29,17.8,6.6115,337.0,16.1,396.9,4.67,0.0,0.0,0.0,1.0,0.0,0.0,0.0,0.0,0.0,3
66,0.04379000000000001,80.0,3.37,0.0,0.398,5.786999999999999,31.1,6.6115,337.0,16.1,396.9,10.24,0.0,0.0,0.0,1.0,0.0,0.0,0.0,0.0,0.0,3
67,0.05789,12.5,6.07,0.0,0.409,5.878,21.4,6.498,345.0,18.9,396.21,8.1,0.0,0.0,0.0,1.0,0.0,0.0,0.0,0.0,0.0,3
68,0.13554,12.5,6.07,0.0,0.409,5.594000000000001,36.8,6.498,345.0,18.9,396.9,13.09,0.0,0.0,0.0,1.0,0.0,0.0,0.0,0.0,0.0,3
69,0.12816,12.5,6.07,0.0,0.409,5.885,33.0,6.498,345.0,18.9,396.9,8.79,0.0,0.0,0.0,1.0,0.0,0.0,0.0,0.0,0.0,3
70,0.08826,0.0,10.81,0.0,0.413,6.417,6.599999999999999,5.2873,305.0,19.2,383.73,6.72,0.0,0.0,0.0,1.0,0.0,0.0,0.0,0.0,0.0,3
71,0.15876,0.0,10.81,0.0,0.413,5.961,17.5,5.2873,305.0,19.2,376.94,9.88,0.0,0.0,0.0,1.0,0.0,0.0,0.0,0.0,0.0,3
72,0.09164,0.0,10.81,0.0,0.413,6.065,7.800000000000001,5.2873,305.0,19.2,390.91,5.52,0.0,0.0,0.0,1.0,0.0,0.0,0.0,0.0,0.0,3
73,0.19539000000000004,0.0,10.81,0.0,0.413,6.244999999999999,6.199999999999999,5.2873,305.0,19.2,377.17,7.54,0.0,0.0,0.0,1.0,0.0,0.0,0.0,0.0,0.0,3
74,0.07896,0.0,12.83,0.0,0.437,6.273,6.0,4.2515,398.0,18.7,394.92,6.779999999999999,0.0,0.0,0.0,0.0,1.0,0.0,0.0,0.0,0.0,0
75,0.09512,0.0,12.83,0.0,0.437,6.286,45.0,4.5026,398.0,18.7,383.23,8.94,0.0,0.0,0.0,0.0,1.0,0.0,0.0,0.0,0.0,0
76,0.10153,0.0,12.83,0.0,0.437,6.279,74.5,4.0522,398.0,18.7,373.66,11.97,0.0,0.0,0.0,0.0,1.0,0.0,0.0,0.0,0.0,0
77,0.08707,0.0,12.83,0.0,0.437,6.14,45.8,4.0905,398.0,18.7,386.96,10.27,0.0,0.0,0.0,0.0,1.0,0.0,0.0,0.0,0.0,0
78,0.05646,0.0,12.83,0.0,0.437,6.232,53.699999999999996,5.0141,398.0,18.7,386.4,12.34,0.0,0.0,0.0,0.0,1.0,0.0,0.0,0.0,0.0,0
79,0.08387,0.0,12.83,0.0,0.437,5.874,36.6,4.5026,398.0,18.7,396.06,9.100000000000001,0.0,0.0,0.0,0.0,1.0,0.0,0.0,0.0,0.0,0
80,0.04113,25.0,4.86,0.0,0.426,6.727,33.5,5.4007,281.0,19.0,396.9,5.29,0.0,0.0,0.0,1.0,0.0,0.0,0.0,0.0,0.0,3
81,0.04462,25.0,4.86,0.0,0.426,6.619,70.4,5.4007,281.0,19.0,395.63,7.22,0.0,0.0,0.0,1.0,0.0,0.0,0.0,0.0,0.0,3
82,0.03659,25.0,4.86,0.0,0.426,6.302,32.2,5.4007,281.0,19.0,396.9,6.72,0.0,0.0,0.0,1.0,0.0,0.0,0.0,0.0,0.0,3
83,0.03551,25.0,4.86,0.0,0.426,6.167000000000001,46.7,5.4007,281.0,19.0,390.64,7.51,0.0,0.0,0.0,1.0,0.0,0.0,0.0,0.0,0.0,3
84,0.05059,0.0,4.49,0.0,0.449,6.389,48.0,4.7794,247.0,18.5,396.9,9.62,0.0,0.0,1.0,0.0,0.0,0.0,0.0,0.0,0.0,2
85,0.05735,0.0,4.49,0.0,0.449,6.63,56.1,4.4377,247.0,18.5,392.3,6.53,0.0,0.0,1.0,0.0,0.0,0.0,0.0,0.0,0.0,2
86,0.05188,0.0,4.49,0.0,0.449,6.015000000000001,45.1,4.4272,247.0,18.5,395.99,12.86,0.0,0.0,1.0,0.0,0.0,0.0,0.0,0.0,0.0,2
87,0.07151,0.0,4.49,0.0,0.449,6.1209999999999996,56.79999999999999,3.7476,247.0,18.5,395.15,8.44,0.0,0.0,1.0,0.0,0.0,0.0,0.0,0.0,0.0,2
88,0.05659999999999999,0.0,3.4099999999999997,0.0,0.48900000000000005,7.007,86.3,3.4216999999999995,270.0,17.8,396.9,5.5,0.0,1.0,0.0,0.0,0.0,0.0,0.0,0.0,0.0,2
89,0.053020000000000005,0.0,3.4099999999999997,0.0,0.48900000000000005,7.079,63.10000000000001,3.4144999999999994,270.0,17.8,396.06,5.7,0.0,1.0,0.0,0.0,0.0,0.0,0.0,0.0,0.0,2
90,0.04684,0.0,3.4099999999999997,0.0,0.48900000000000005,6.417,66.1,3.0923,270.0,17.8,392.18,8.81,0.0,1.0,0.0,0.0,0.0,0.0,0.0,0.0,0.0,2
91,0.03932,0.0,3.4099999999999997,0.0,0.48900000000000005,6.405,73.9,3.0921,270.0,17.8,393.55,8.2,0.0,1.0,0.0,0.0,0.0,0.0,0.0,0.0,0.0,2
92,0.04203,28.000000000000004,15.039999999999997,0.0,0.464,6.442,53.599999999999994,3.6658999999999997,270.0,18.2,395.01,8.16,0.0,0.0,0.0,1.0,0.0,0.0,0.0,0.0,0.0,3
93,0.028749999999999998,28.000000000000004,15.039999999999997,0.0,0.464,6.211000000000001,28.9,3.6658999999999997,270.0,18.2,396.33,6.21,0.0,0.0,0.0,1.0,0.0,0.0,0.0,0.0,0.0,3
94,0.04294,28.000000000000004,15.039999999999997,0.0,0.464,6.249,77.3,3.615,270.0,18.2,396.9,10.59,0.0,0.0,0.0,1.0,0.0,0.0,0.0,0.0,0.0,3
95,0.12204,0.0,2.89,0.0,0.445,6.625000000000001,57.8,3.4952,276.0,18.0,357.98,6.65,0.0,1.0,0.0,0.0,0.0,0.0,0.0,0.0,0.0,2
96,0.11504,0.0,2.89,0.0,0.445,6.163,69.6,3.4952,276.0,18.0,391.83,11.34,0.0,1.0,0.0,0.0,0.0,0.0,0.0,0.0,0.0,2
97,0.12083,0.0,2.89,0.0,0.445,8.069,76.0,3.4952,276.0,18.0,396.9,4.21,0.0,1.0,0.0,0.0,0.0,0.0,0.0,0.0,0.0,2
98,0.08187,0.0,2.89,0.0,0.445,7.82,36.9,3.4952,276.0,18.0,393.53,3.57,0.0,1.0,0.0,0.0,0.0,0.0,0.0,0.0,0.0,2
99,0.0686,0.0,2.89,0.0,0.445,7.416,62.5,3.4952,276.0,18.0,396.9,6.19,0.0,1.0,0.0,0.0,0.0,0.0,0.0,0.0,0.0,2
100,0.14866,0.0,8.56,0.0,0.52,6.727,79.9,2.7778,384.0,20.9,394.76,9.42,0.0,0.0,0.0,0.0,1.0,0.0,0.0,0.0,0.0,0
101,0.11432,0.0,8.56,0.0,0.52,6.780999999999999,71.3,2.8561,384.0,20.9,395.58,7.67,0.0,0.0,0.0,0.0,1.0,0.0,0.0,0.0,0.0,0
102,0.22876000000000002,0.0,8.56,0.0,0.52,6.405,85.4,2.7147,384.0,20.9,70.8,10.63,0.0,0.0,0.0,0.0,1.0,0.0,0.0,0.0,0.0,0
103,0.21161,0.0,8.56,0.0,0.52,6.137,87.4,2.7147,384.0,20.9,394.47,13.44,0.0,0.0,0.0,0.0,1.0,0.0,0.0,0.0,0.0,0
104,0.1396,0.0,8.56,0.0,0.52,6.167000000000001,90.0,2.421,384.0,20.9,392.69,12.33,0.0,0.0,0.0,0.0,1.0,0.0,0.0,0.0,0.0,0
105,0.13262,0.0,8.56,0.0,0.52,5.851,96.7,2.1069,384.0,20.9,394.05,16.47,0.0,0.0,0.0,0.0,1.0,0.0,0.0,0.0,0.0,0
106,0.1712,0.0,8.56,0.0,0.52,5.836,91.9,2.211,384.0,20.9,395.67,18.66,0.0,0.0,0.0,0.0,1.0,0.0,0.0,0.0,0.0,0
107,0.13117,0.0,8.56,0.0,0.52,6.127,85.2,2.1224,384.0,20.9,387.69,14.09,0.0,0.0,0.0,0.0,1.0,0.0,0.0,0.0,0.0,0
108,0.12802,0.0,8.56,0.0,0.52,6.474,97.1,2.4329,384.0,20.9,395.24,12.27,0.0,0.0,0.0,0.0,1.0,0.0,0.0,0.0,0.0,0
109,0.26363,0.0,8.56,0.0,0.52,6.228999999999999,91.2,2.5451000000000006,384.0,20.9,391.23,15.55,0.0,0.0,0.0,0.0,1.0,0.0,0.0,0.0,0.0,0
110,0.10793,0.0,8.56,0.0,0.52,6.195,54.400000000000006,2.7778,384.0,20.9,393.49,13.0,0.0,0.0,0.0,0.0,1.0,0.0,0.0,0.0,0.0,0
111,0.10084,0.0,10.01,0.0,0.547,6.715,81.6,2.6775,432.0,17.8,395.59,10.16,0.0,0.0,0.0,0.0,0.0,1.0,0.0,0.0,0.0,2
112,0.12329,0.0,10.01,0.0,0.547,5.913,92.9,2.3534,432.0,17.8,394.95,16.21,0.0,0.0,0.0,0.0,0.0,1.0,0.0,0.0,0.0,2
113,0.22211999999999998,0.0,10.01,0.0,0.547,6.092,95.4,2.548,432.0,17.8,396.9,17.09,0.0,0.0,0.0,0.0,0.0,1.0,0.0,0.0,0.0,2
114,0.14231,0.0,10.01,0.0,0.547,6.253999999999999,84.2,2.2565,432.0,17.8,388.74,10.45,0.0,0.0,0.0,0.0,0.0,1.0,0.0,0.0,0.0,2
115,0.17134,0.0,10.01,0.0,0.547,5.928,88.2,2.4631,432.0,17.8,344.91,15.760000000000002,0.0,0.0,0.0,0.0,0.0,1.0,0.0,0.0,0.0,2
116,0.13158,0.0,10.01,0.0,0.547,6.175999999999999,72.5,2.7301,432.0,17.8,393.3,12.04,0.0,0.0,0.0,0.0,0.0,1.0,0.0,0.0,0.0,2
117,0.15098,0.0,10.01,0.0,0.547,6.021,82.6,2.7474,432.0,17.8,394.51,10.3,0.0,0.0,0.0,0.0,0.0,1.0,0.0,0.0,0.0,2
118,0.13058,0.0,10.01,0.0,0.547,5.871999999999999,73.1,2.4775,432.0,17.8,338.63,15.37,0.0,0.0,0.0,0.0,0.0,1.0,0.0,0.0,0.0,2
119,0.14476,0.0,10.01,0.0,0.547,5.731,65.2,2.7592,432.0,17.8,391.5,13.61,0.0,0.0,0.0,0.0,0.0,1.0,0.0,0.0,0.0,2
120,0.06899,0.0,25.65,0.0,0.581,5.869999999999999,69.7,2.2577,188.0,19.1,389.15,14.37,0.0,1.0,0.0,0.0,0.0,0.0,0.0,0.0,0.0,2
121,0.07165,0.0,25.65,0.0,0.581,6.004,84.1,2.1974,188.0,19.1,377.67,14.27,0.0,1.0,0.0,0.0,0.0,0.0,0.0,0.0,0.0,2
122,0.09299,0.0,25.65,0.0,0.581,5.961,92.9,2.0869,188.0,19.1,378.09,17.93,0.0,1.0,0.0,0.0,0.0,0.0,0.0,0.0,0.0,2
123,0.15038,0.0,25.65,0.0,0.581,5.855999999999999,97.0,1.9444,188.0,19.1,370.31,25.410000000000004,0.0,1.0,0.0,0.0,0.0,0.0,0.0,0.0,0.0,2
124,0.09849000000000001,0.0,25.65,0.0,0.581,5.8790000000000004,95.8,2.0063,188.0,19.1,379.38,17.58,0.0,1.0,0.0,0.0,0.0,0.0,0.0,0.0,0.0,2
125,0.16902,0.0,25.65,0.0,0.581,5.986,88.4,1.9929,188.0,19.1,385.02,14.81,0.0,1.0,0.0,0.0,0.0,0.0,0.0,0.0,0.0,2
126,0.38735,0.0,25.65,0.0,0.581,5.613,95.6,1.7572,188.0,19.1,359.29,27.26,0.0,1.0,0.0,0.0,0.0,0.0,0.0,0.0,0.0,2
127,0.25915,0.0,21.89,0.0,0.624,5.693,96.0,1.7883,437.0,21.2,392.11,17.19,0.0,0.0,0.0,1.0,0.0,0.0,0.0,0.0,0.0,3
128,0.32543,0.0,21.89,0.0,0.624,6.431,98.8,1.8124999999999998,437.0,21.2,396.9,15.39,0.0,0.0,0.0,1.0,0.0,0.0,0.0,0.0,0.0,3
129,0.8812499999999999,0.0,21.89,0.0,0.624,5.636999999999999,94.7,1.9799,437.0,21.2,396.9,18.34,0.0,0.0,0.0,1.0,0.0,0.0,0.0,0.0,0.0,3
130,0.34006,0.0,21.89,0.0,0.624,6.458,98.9,2.1185,437.0,21.2,395.04,12.600000000000001,0.0,0.0,0.0,1.0,0.0,0.0,0.0,0.0,0.0,3
131,1.19294,0.0,21.89,0.0,0.624,6.326,97.7,2.271,437.0,21.2,396.9,12.259999999999998,0.0,0.0,0.0,1.0,0.0,0.0,0.0,0.0,0.0,3
132,0.59005,0.0,21.89,0.0,0.624,6.372,97.9,2.3274,437.0,21.2,385.76,11.12,0.0,0.0,0.0,1.0,0.0,0.0,0.0,0.0,0.0,3
133,0.32982,0.0,21.89,0.0,0.624,5.822,95.4,2.4699,437.0,21.2,388.69,15.03,0.0,0.0,0.0,1.0,0.0,0.0,0.0,0.0,0.0,3
134,0.97617,0.0,21.89,0.0,0.624,5.757000000000001,98.40000000000002,2.346,437.0,21.2,262.76,17.31,0.0,0.0,0.0,1.0,0.0,0.0,0.0,0.0,0.0,3
135,0.55778,0.0,21.89,0.0,0.624,6.335000000000001,98.20000000000002,2.1107,437.0,21.2,394.67,16.96,0.0,0.0,0.0,1.0,0.0,0.0,0.0,0.0,0.0,3
136,0.32264,0.0,21.89,0.0,0.624,5.942,93.5,1.9669,437.0,21.2,378.25,16.9,0.0,0.0,0.0,1.0,0.0,0.0,0.0,0.0,0.0,3
137,0.35233,0.0,21.89,0.0,0.624,6.454,98.40000000000002,1.8497999999999999,437.0,21.2,394.08,14.59,0.0,0.0,0.0,1.0,0.0,0.0,0.0,0.0,0.0,3
138,0.2498,0.0,21.89,0.0,0.624,5.857,98.20000000000002,1.6686,437.0,21.2,392.04,21.32,0.0,0.0,0.0,1.0,0.0,0.0,0.0,0.0,0.0,3
139,0.54452,0.0,21.89,0.0,0.624,6.151,97.9,1.6687,437.0,21.2,396.9,18.46,0.0,0.0,0.0,1.0,0.0,0.0,0.0,0.0,0.0,3
140,0.2909,0.0,21.89,0.0,0.624,6.174000000000001,93.6,1.6119,437.0,21.2,388.08,24.160000000000004,0.0,0.0,0.0,1.0,0.0,0.0,0.0,0.0,0.0,3
141,1.62864,0.0,21.89,0.0,0.624,5.019,100.0,1.4394,437.0,21.2,396.9,34.41,0.0,0.0,0.0,1.0,0.0,0.0,0.0,0.0,0.0,3
142,3.32105,0.0,19.58,1.0,0.871,5.403,100.0,1.3216,403.0,14.7,396.9,26.820000000000004,0.0,0.0,0.0,0.0,1.0,0.0,0.0,0.0,0.0,0
143,4.0974,0.0,19.58,0.0,0.871,5.468,100.0,1.4118000000000002,403.0,14.7,396.9,26.42,0.0,0.0,0.0,0.0,1.0,0.0,0.0,0.0,0.0,0
144,2.77974,0.0,19.58,0.0,0.871,4.903,97.79999999999998,1.3459,403.0,14.7,396.9,29.290000000000003,0.0,0.0,0.0,0.0,1.0,0.0,0.0,0.0,0.0,0
145,2.37934,0.0,19.58,0.0,0.871,6.130000000000001,100.0,1.4191,403.0,14.7,172.91,27.800000000000004,0.0,0.0,0.0,0.0,1.0,0.0,0.0,0.0,0.0,0
146,2.15505,0.0,19.58,0.0,0.871,5.628,100.0,1.5166,403.0,14.7,169.27,16.65,0.0,0.0,0.0,0.0,1.0,0.0,0.0,0.0,0.0,0
147,2.36862,0.0,19.58,0.0,0.871,4.926,95.7,1.4608,403.0,14.7,391.71,29.530000000000005,0.0,0.0,0.0,0.0,1.0,0.0,0.0,0.0,0.0,0
148,2.33099,0.0,19.58,0.0,0.871,5.186,93.8,1.5296,403.0,14.7,356.99,28.32,0.0,0.0,0.0,0.0,1.0,0.0,0.0,0.0,0.0,0
149,2.73397,0.0,19.58,0.0,0.871,5.597,94.9,1.5257,403.0,14.7,351.85,21.450000000000003,0.0,0.0,0.0,0.0,1.0,0.0,0.0,0.0,0.0,0
150,1.6566,0.0,19.58,0.0,0.871,6.122,97.3,1.618,403.0,14.7,372.8,14.1,0.0,0.0,0.0,0.0,1.0,0.0,0.0,0.0,0.0,0
151,1.4963200000000003,0.0,19.58,0.0,0.871,5.404,100.0,1.5916,403.0,14.7,341.6,13.28,0.0,0.0,0.0,0.0,1.0,0.0,0.0,0.0,0.0,0
152,1.12658,0.0,19.58,1.0,0.871,5.012,88.0,1.6101999999999999,403.0,14.7,343.28,12.120000000000001,0.0,0.0,0.0,0.0,1.0,0.0,0.0,0.0,0.0,0
153,2.14918,0.0,19.58,0.0,0.871,5.709,98.5,1.6232,403.0,14.7,261.95,15.79,0.0,0.0,0.0,0.0,1.0,0.0,0.0,0.0,0.0,0
154,1.41385,0.0,19.58,1.0,0.871,6.129,96.0,1.7494,403.0,14.7,321.02,15.12,0.0,0.0,0.0,0.0,1.0,0.0,0.0,0.0,0.0,0
155,3.53501,0.0,19.58,1.0,0.871,6.152,82.6,1.7454999999999998,403.0,14.7,88.01,15.02,0.0,0.0,0.0,0.0,1.0,0.0,0.0,0.0,0.0,0
156,2.44668,0.0,19.58,0.0,0.871,5.272,94.0,1.7364,403.0,14.7,88.63,16.14,0.0,0.0,0.0,0.0,1.0,0.0,0.0,0.0,0.0,0
157,1.22358,0.0,19.58,0.0,0.605,6.943,97.4,1.8773000000000002,403.0,14.7,363.43,4.59,0.0,0.0,0.0,0.0,1.0,0.0,0.0,0.0,0.0,0
158,1.34284,0.0,19.58,0.0,0.605,6.066,100.0,1.7573,403.0,14.7,353.89,6.43,0.0,0.0,0.0,0.0,1.0,0.0,0.0,0.0,0.0,0
159,1.42502,0.0,19.58,0.0,0.871,6.51,100.0,1.7658999999999998,403.0,14.7,364.31,7.39,0.0,0.0,0.0,0.0,1.0,0.0,0.0,0.0,0.0,0
160,1.27346,0.0,19.58,1.0,0.605,6.25,92.6,1.7984,403.0,14.7,338.92,5.5,0.0,0.0,0.0,0.0,1.0,0.0,0.0,0.0,0.0,0
161,1.4633600000000002,0.0,19.58,0.0,0.605,7.489,90.8,1.9709,403.0,14.7,374.43,1.7299999999999998,0.0,0.0,0.0,0.0,1.0,0.0,0.0,0.0,0.0,0
162,1.83377,0.0,19.58,1.0,0.605,7.802,98.20000000000002,2.0407,403.0,14.7,389.61,1.92,0.0,0.0,0.0,0.0,1.0,0.0,0.0,0.0,0.0,0
163,1.51902,0.0,19.58,1.0,0.605,8.375,93.9,2.162,403.0,14.7,388.45,3.32,0.0,0.0,0.0,0.0,1.0,0.0,0.0,0.0,0.0,0
164,2.24236,0.0,19.58,0.0,0.605,5.854000000000001,91.8,2.422,403.0,14.7,395.11,11.639999999999999,0.0,0.0,0.0,0.0,1.0,0.0,0.0,0.0,0.0,0
165,2.924,0.0,19.58,0.0,0.605,6.101,93.0,2.2834,403.0,14.7,240.16,9.81,0.0,0.0,0.0,0.0,1.0,0.0,0.0,0.0,0.0,0
166,2.01019,0.0,19.58,0.0,0.605,7.929,96.2,2.0459,403.0,14.7,369.3,3.7,0.0,0.0,0.0,0.0,1.0,0.0,0.0,0.0,0.0,0
167,1.8002800000000003,0.0,19.58,0.0,0.605,5.877000000000001,79.2,2.4259,403.0,14.7,227.61000000000004,12.14,0.0,0.0,0.0,0.0,1.0,0.0,0.0,0.0,0.0,0
168,2.3004,0.0,19.58,0.0,0.605,6.319,96.1,2.1,403.0,14.7,297.09,11.1,0.0,0.0,0.0,0.0,1.0,0.0,0.0,0.0,0.0,0
169,2.44953,0.0,19.58,0.0,0.605,6.402,95.2,2.2625,403.0,14.7,330.04,11.32,0.0,0.0,0.0,0.0,1.0,0.0,0.0,0.0,0.0,0
170,1.20742,0.0,19.58,0.0,0.605,5.875,94.6,2.4259,403.0,14.7,292.29,14.43,0.0,0.0,0.0,0.0,1.0,0.0,0.0,0.0,0.0,0
171,2.3139,0.0,19.58,0.0,0.605,5.88,97.3,2.3887,403.0,14.7,348.13,12.03,0.0,0.0,0.0,0.0,1.0,0.0,0.0,0.0,0.0,0
172,0.13914,0.0,4.05,0.0,0.51,5.572,88.5,2.5961,296.0,16.6,396.9,14.69,0.0,0.0,0.0,0.0,1.0,0.0,0.0,0.0,0.0,0
173,0.09178,0.0,4.05,0.0,0.51,6.416,84.1,2.6463,296.0,16.6,395.5,9.04,0.0,0.0,0.0,0.0,1.0,0.0,0.0,0.0,0.0,0
174,0.08447,0.0,4.05,0.0,0.51,5.859,68.7,2.7019,296.0,16.6,393.23,9.64,0.0,0.0,0.0,0.0,1.0,0.0,0.0,0.0,0.0,0
175,0.06664,0.0,4.05,0.0,0.51,6.546,33.1,3.1322999999999994,296.0,16.6,390.96,5.33,0.0,0.0,0.0,0.0,1.0,0.0,0.0,0.0,0.0,0
176,0.07022,0.0,4.05,0.0,0.51,6.02,47.2,3.5549000000000004,296.0,16.6,393.23,10.11,0.0,0.0,0.0,0.0,1.0,0.0,0.0,0.0,0.0,0
177,0.05425000000000001,0.0,4.05,0.0,0.51,6.315,73.4,3.3175,296.0,16.6,395.6,6.29,0.0,0.0,0.0,0.0,1.0,0.0,0.0,0.0,0.0,0
178,0.06642,0.0,4.05,0.0,0.51,6.860000000000001,74.4,2.9153,296.0,16.6,391.27,6.919999999999999,0.0,0.0,0.0,0.0,1.0,0.0,0.0,0.0,0.0,0
179,0.05779999999999999,0.0,2.46,0.0,0.48799999999999993,6.98,58.400000000000006,2.8289999999999997,193.0,17.8,396.9,5.04,0.0,0.0,1.0,0.0,0.0,0.0,0.0,0.0,0.0,2
180,0.06588,0.0,2.46,0.0,0.48799999999999993,7.765,83.3,2.7410000000000005,193.0,17.8,395.56,7.56,0.0,0.0,1.0,0.0,0.0,0.0,0.0,0.0,0.0,2
181,0.06888,0.0,2.46,0.0,0.48799999999999993,6.144000000000001,62.2,2.5979,193.0,17.8,396.9,9.45,0.0,0.0,1.0,0.0,0.0,0.0,0.0,0.0,0.0,2
182,0.09103000000000001,0.0,2.46,0.0,0.48799999999999993,7.155,92.2,2.7006,193.0,17.8,394.12,4.82,0.0,0.0,1.0,0.0,0.0,0.0,0.0,0.0,0.0,2
183,0.10008,0.0,2.46,0.0,0.48799999999999993,6.563,95.6,2.847,193.0,17.8,396.9,5.68,0.0,0.0,1.0,0.0,0.0,0.0,0.0,0.0,0.0,2
184,0.08308,0.0,2.46,0.0,0.48799999999999993,5.604,89.8,2.9879,193.0,17.8,391.0,13.98,0.0,0.0,1.0,0.0,0.0,0.0,0.0,0.0,0.0,2
185,0.06047000000000001,0.0,2.46,0.0,0.48799999999999993,6.1530000000000005,68.8,3.2796999999999996,193.0,17.8,387.11,13.15,0.0,0.0,1.0,0.0,0.0,0.0,0.0,0.0,0.0,2
186,0.05602,0.0,2.46,0.0,0.48799999999999993,7.8309999999999995,53.599999999999994,3.1992,193.0,17.8,392.63,4.45,0.0,0.0,1.0,0.0,0.0,0.0,0.0,0.0,0.0,2
187,0.07875,45.0,3.44,0.0,0.437,6.782,41.1,3.7886,398.0,15.2,393.87,6.679999999999999,0.0,0.0,0.0,0.0,1.0,0.0,0.0,0.0,0.0,0
188,0.12579,45.0,3.44,0.0,0.437,6.556000000000001,29.1,4.5667,398.0,15.2,382.84,4.56,0.0,0.0,0.0,0.0,1.0,0.0,0.0,0.0,0.0,0
189,0.0837,45.0,3.44,0.0,0.437,7.185,38.9,4.5667,398.0,15.2,396.9,5.39,0.0,0.0,0.0,0.0,1.0,0.0,0.0,0.0,0.0,0
190,0.09068,45.0,3.44,0.0,0.437,6.951,21.5,6.479800000000001,398.0,15.2,377.68,5.1000000000000005,0.0,0.0,0.0,0.0,1.0,0.0,0.0,0.0,0.0,0
191,0.06911,45.0,3.44,0.0,0.437,6.739,30.799999999999997,6.479800000000001,398.0,15.2,389.71,4.69,0.0,0.0,0.0,0.0,1.0,0.0,0.0,0.0,0.0,0
192,0.08664,45.0,3.44,0.0,0.437,7.178,26.3,6.479800000000001,398.0,15.2,390.49,2.87,0.0,0.0,0.0,0.0,1.0,0.0,0.0,0.0,0.0,0
193,0.02187,60.0,2.93,0.0,0.401,6.8,9.9,6.2196,265.0,15.6,393.37,5.029999999999999,1.0,0.0,0.0,0.0,0.0,0.0,0.0,0.0,0.0,2
194,0.01439,60.0,2.93,0.0,0.401,6.603999999999999,18.8,6.2196,265.0,15.6,376.7,4.38,1.0,0.0,0.0,0.0,0.0,0.0,0.0,0.0,0.0,2
195,0.01381,80.0,0.46,0.0,0.422,7.875,32.0,5.6484,255.0,14.4,394.23,2.97,0.0,0.0,0.0,1.0,0.0,0.0,0.0,0.0,0.0,3
196,0.04011,80.0,1.52,0.0,0.404,7.287,34.1,7.309,329.0,12.6,396.9,4.08,0.0,1.0,0.0,0.0,0.0,0.0,0.0,0.0,0.0,2
197,0.04666,80.0,1.52,0.0,0.404,7.107,36.6,7.309,329.0,12.6,354.31,8.61,0.0,1.0,0.0,0.0,0.0,0.0,0.0,0.0,0.0,2
198,0.03768,80.0,1.52,0.0,0.404,7.274000000000001,38.3,7.309,329.0,12.6,392.2,6.62,0.0,1.0,0.0,0.0,0.0,0.0,0.0,0.0,0.0,2
199,0.0315,95.0,1.4699999999999998,0.0,0.403,6.975,15.300000000000002,7.653400000000001,402.0,17.0,396.9,4.56,0.0,0.0,1.0,0.0,0.0,0.0,0.0,0.0,0.0,2
200,0.01778,95.0,1.4699999999999998,0.0,0.403,7.135,13.899999999999999,7.653400000000001,402.0,17.0,384.3,4.45,0.0,0.0,1.0,0.0,0.0,0.0,0.0,0.0,0.0,2
201,0.03445,82.5,2.03,0.0,0.415,6.161999999999999,38.4,6.269999999999999,348.0,14.7,393.77,7.43,0.0,1.0,0.0,0.0,0.0,0.0,0.0,0.0,0.0,2
202,0.02177,82.5,2.03,0.0,0.415,7.609999999999999,15.699999999999998,6.269999999999999,348.0,14.7,395.38,3.11,0.0,1.0,0.0,0.0,0.0,0.0,0.0,0.0,0.0,2
203,0.0351,95.0,2.68,0.0,0.4161,7.853,33.2,5.118,224.0,14.7,392.78,3.81,0.0,0.0,0.0,1.0,0.0,0.0,0.0,0.0,0.0,3
204,0.020089999999999997,95.0,2.68,0.0,0.4161,8.034,31.9,5.118,224.0,14.7,390.55,2.88,0.0,0.0,0.0,1.0,0.0,0.0,0.0,0.0,0.0,3
205,0.13642,0.0,10.59,0.0,0.48900000000000005,5.891,22.3,3.9454000000000002,277.0,18.6,396.9,10.87,0.0,0.0,0.0,1.0,0.0,0.0,0.0,0.0,0.0,3
206,0.22969,0.0,10.59,0.0,0.48900000000000005,6.326,52.5,4.3549,277.0,18.6,394.87,10.97,0.0,0.0,0.0,1.0,0.0,0.0,0.0,0.0,0.0,3
207,0.25199,0.0,10.59,0.0,0.48900000000000005,5.783,72.7,4.3549,277.0,18.6,389.43,18.06,0.0,0.0,0.0,1.0,0.0,0.0,0.0,0.0,0.0,3
208,0.13587,0.0,10.59,1.0,0.48900000000000005,6.064,59.10000000000001,4.2392,277.0,18.6,381.32,14.660000000000002,0.0,0.0,0.0,1.0,0.0,0.0,0.0,0.0,0.0,3
209,0.43571,0.0,10.59,1.0,0.48900000000000005,5.344,100.0,3.875,277.0,18.6,396.9,23.09,0.0,0.0,0.0,1.0,0.0,0.0,0.0,0.0,0.0,3
210,0.17446,0.0,10.59,1.0,0.48900000000000005,5.96,92.1,3.8771000000000004,277.0,18.6,393.25,17.27,0.0,0.0,0.0,1.0,0.0,0.0,0.0,0.0,0.0,3
211,0.37578,0.0,10.59,1.0,0.48900000000000005,5.404,88.6,3.6650000000000005,277.0,18.6,395.24,23.98,0.0,0.0,0.0,1.0,0.0,0.0,0.0,0.0,0.0,3
212,0.21719,0.0,10.59,1.0,0.48900000000000005,5.807,53.8,3.6526000000000005,277.0,18.6,390.94,16.03,0.0,0.0,0.0,1.0,0.0,0.0,0.0,0.0,0.0,3
213,0.14052,0.0,10.59,0.0,0.48900000000000005,6.375,32.3,3.9454000000000002,277.0,18.6,385.81,9.38,0.0,0.0,0.0,1.0,0.0,0.0,0.0,0.0,0.0,3
214,0.28955,0.0,10.59,0.0,0.48900000000000005,5.412000000000001,9.8,3.5875,277.0,18.6,348.93,29.550000000000008,0.0,0.0,0.0,1.0,0.0,0.0,0.0,0.0,0.0,3
215,0.19802000000000003,0.0,10.59,0.0,0.48900000000000005,6.182,42.4,3.9454000000000002,277.0,18.6,393.63,9.470000000000002,0.0,0.0,0.0,1.0,0.0,0.0,0.0,0.0,0.0,3
216,0.0456,0.0,13.890000000000002,1.0,0.55,5.888,56.0,3.1121,276.0,16.4,392.8,13.51,0.0,0.0,0.0,0.0,1.0,0.0,0.0,0.0,0.0,0
217,0.07013,0.0,13.890000000000002,0.0,0.55,6.642,85.1,3.4211,276.0,16.4,392.78,9.69,0.0,0.0,0.0,0.0,1.0,0.0,0.0,0.0,0.0,0
218,0.11069,0.0,13.890000000000002,1.0,0.55,5.951,93.8,2.8893000000000004,276.0,16.4,396.9,17.92,0.0,0.0,0.0,0.0,1.0,0.0,0.0,0.0,0.0,0
219,0.11425,0.0,13.890000000000002,1.0,0.55,6.373,92.4,3.3632999999999997,276.0,16.4,393.74,10.5,0.0,0.0,0.0,0.0,1.0,0.0,0.0,0.0,0.0,0
220,0.35809,0.0,6.2,1.0,0.507,6.951,88.5,2.8616999999999995,307.0,17.4,391.7,9.71,0.0,0.0,0.0,0.0,0.0,0.0,0.0,1.0,0.0,2
221,0.40771,0.0,6.2,1.0,0.507,6.164,91.3,3.048,307.0,17.4,395.24,21.46,0.0,0.0,0.0,0.0,0.0,0.0,0.0,1.0,0.0,2
222,0.62356,0.0,6.2,1.0,0.507,6.879,77.7,3.2721,307.0,17.4,390.39,9.93,0.0,0.0,0.0,0.0,0.0,0.0,0.0,1.0,0.0,2
223,0.6147,0.0,6.2,0.0,0.507,6.617999999999999,80.8,3.2721,307.0,17.4,396.9,7.6,0.0,0.0,0.0,0.0,0.0,0.0,0.0,1.0,0.0,2
224,0.31533,0.0,6.2,0.0,0.504,8.266,78.3,2.8944,307.0,17.4,385.05,4.14,0.0,0.0,0.0,0.0,0.0,0.0,0.0,1.0,0.0,2
225,0.52693,0.0,6.2,0.0,0.504,8.725,83.0,2.8944,307.0,17.4,382.0,4.63,0.0,0.0,0.0,0.0,0.0,0.0,0.0,1.0,0.0,2
226,0.3821399999999999,0.0,6.2,0.0,0.504,8.04,86.5,3.2157,307.0,17.4,387.38,3.13,0.0,0.0,0.0,0.0,0.0,0.0,0.0,1.0,0.0,2
227,0.41238,0.0,6.2,0.0,0.504,7.163,79.9,3.2157,307.0,17.4,372.08,6.36,0.0,0.0,0.0,0.0,0.0,0.0,0.0,1.0,0.0,2
228,0.29819,0.0,6.2,0.0,0.504,7.686000000000001,17.0,3.3751,307.0,17.4,377.51,3.92,0.0,0.0,0.0,0.0,0.0,0.0,0.0,1.0,0.0,2
229,0.44178,0.0,6.2,0.0,0.504,6.552,21.4,3.3751,307.0,17.4,380.34,3.76,0.0,0.0,0.0,0.0,0.0,0.0,0.0,1.0,0.0,2
230,0.537,0.0,6.2,0.0,0.504,5.981,68.1,3.6715,307.0,17.4,378.35,11.65,0.0,0.0,0.0,0.0,0.0,0.0,0.0,1.0,0.0,2
231,0.46296,0.0,6.2,0.0,0.504,7.412000000000001,76.9,3.6715,307.0,17.4,376.14,5.25,0.0,0.0,0.0,0.0,0.0,0.0,0.0,1.0,0.0,2
232,0.57529,0.0,6.2,0.0,0.507,8.337,73.3,3.8384,307.0,17.4,385.91,2.47,0.0,0.0,0.0,0.0,0.0,0.0,0.0,1.0,0.0,2
233,0.33147,0.0,6.2,0.0,0.507,8.247,70.4,3.6519,307.0,17.4,378.95,3.95,0.0,0.0,0.0,0.0,0.0,0.0,0.0,1.0,0.0,2
234,0.44791,0.0,6.2,1.0,0.507,6.725999999999999,66.5,3.6519,307.0,17.4,360.2,8.05,0.0,0.0,0.0,0.0,0.0,0.0,0.0,1.0,0.0,2
235,0.33045,0.0,6.2,0.0,0.507,6.086,61.5,3.6519,307.0,17.4,376.75,10.880000000000003,0.0,0.0,0.0,0.0,0.0,0.0,0.0,1.0,0.0,2
236,0.52058,0.0,6.2,1.0,0.507,6.631,76.5,4.148,307.0,17.4,388.45,9.54,0.0,0.0,0.0,0.0,0.0,0.0,0.0,1.0,0.0,2
237,0.51183,0.0,6.2,0.0,0.507,7.358,71.6,4.148,307.0,17.4,390.07,4.73,0.0,0.0,0.0,0.0,0.0,0.0,0.0,1.0,0.0,2
238,0.08244,30.0,4.93,0.0,0.428,6.481,18.5,6.1899,300.0,16.6,379.41,6.36,0.0,0.0,0.0,0.0,0.0,1.0,0.0,0.0,0.0,2
239,0.09252,30.0,4.93,0.0,0.428,6.606,42.2,6.1899,300.0,16.6,383.78,7.37,0.0,0.0,0.0,0.0,0.0,1.0,0.0,0.0,0.0,2
240,0.11329000000000002,30.0,4.93,0.0,0.428,6.897,54.300000000000004,6.336100000000001,300.0,16.6,391.25,11.38,0.0,0.0,0.0,0.0,0.0,1.0,0.0,0.0,0.0,2
241,0.10612,30.0,4.93,0.0,0.428,6.095,65.1,6.336100000000001,300.0,16.6,394.62,12.4,0.0,0.0,0.0,0.0,0.0,1.0,0.0,0.0,0.0,2
242,0.1029,30.0,4.93,0.0,0.428,6.358,52.89999999999999,7.0355,300.0,16.6,372.75,11.22,0.0,0.0,0.0,0.0,0.0,1.0,0.0,0.0,0.0,2
243,0.12757,30.0,4.93,0.0,0.428,6.393,7.800000000000001,7.0355,300.0,16.6,374.71,5.19,0.0,0.0,0.0,0.0,0.0,1.0,0.0,0.0,0.0,2
244,0.20608,22.0,5.86,0.0,0.431,5.593,76.5,7.954899999999999,330.0,19.1,372.49,12.5,0.0,0.0,0.0,0.0,0.0,0.0,1.0,0.0,0.0,2
245,0.19132999999999997,22.0,5.86,0.0,0.431,5.605,70.2,7.954899999999999,330.0,19.1,389.13,18.46,0.0,0.0,0.0,0.0,0.0,0.0,1.0,0.0,0.0,2
246,0.33983,22.0,5.86,0.0,0.431,6.108,34.9,8.0555,330.0,19.1,390.18,9.16,0.0,0.0,0.0,0.0,0.0,0.0,1.0,0.0,0.0,2
247,0.19657,22.0,5.86,0.0,0.431,6.226,79.2,8.0555,330.0,19.1,376.14,10.15,0.0,0.0,0.0,0.0,0.0,0.0,1.0,0.0,0.0,2
248,0.16439,22.0,5.86,0.0,0.431,6.433,49.10000000000001,7.8265,330.0,19.1,374.71,9.52,0.0,0.0,0.0,0.0,0.0,0.0,1.0,0.0,0.0,2
249,0.19072999999999998,22.0,5.86,0.0,0.431,6.718,17.5,7.8265,330.0,19.1,393.74,6.56,0.0,0.0,0.0,0.0,0.0,0.0,1.0,0.0,0.0,2
250,0.1403,22.0,5.86,0.0,0.431,6.487000000000001,13.0,7.3967,330.0,19.1,396.28,5.9,0.0,0.0,0.0,0.0,0.0,0.0,1.0,0.0,0.0,2
251,0.21409,22.0,5.86,0.0,0.431,6.437999999999999,8.9,7.3967,330.0,19.1,377.07,3.59,0.0,0.0,0.0,0.0,0.0,0.0,1.0,0.0,0.0,2
252,0.08221,22.0,5.86,0.0,0.431,6.957,6.800000000000001,8.9067,330.0,19.1,386.09,3.53,0.0,0.0,0.0,0.0,0.0,0.0,1.0,0.0,0.0,2
253,0.36894,22.0,5.86,0.0,0.431,8.259,8.4,8.9067,330.0,19.1,396.9,3.54,0.0,0.0,0.0,0.0,0.0,0.0,1.0,0.0,0.0,2
254,0.04819,80.0,3.64,0.0,0.392,6.108,32.0,9.2203,315.0,16.4,392.89,6.57,1.0,0.0,0.0,0.0,0.0,0.0,0.0,0.0,0.0,2
255,0.03548,80.0,3.64,0.0,0.392,5.876,19.1,9.2203,315.0,16.4,395.18,9.25,1.0,0.0,0.0,0.0,0.0,0.0,0.0,0.0,0.0,2
256,0.01538,90.0,3.7500000000000004,0.0,0.394,7.454,34.2,6.336100000000001,244.0,15.899999999999999,386.34,3.11,0.0,0.0,1.0,0.0,0.0,0.0,0.0,0.0,0.0,2
257,0.61154,20.0,3.97,0.0,0.647,8.704,86.9,1.8010000000000002,264.0,13.000000000000002,389.7,5.12,0.0,0.0,0.0,0.0,1.0,0.0,0.0,0.0,0.0,0
258,0.66351,20.0,3.97,0.0,0.647,7.333,100.0,1.8945999999999998,264.0,13.000000000000002,383.29,7.79,0.0,0.0,0.0,0.0,1.0,0.0,0.0,0.0,0.0,0
259,0.65665,20.0,3.97,0.0,0.647,6.842,100.0,2.0107,264.0,13.000000000000002,391.93,6.9,0.0,0.0,0.0,0.0,1.0,0.0,0.0,0.0,0.0,0
260,0.54011,20.0,3.97,0.0,0.647,7.203,81.8,2.1121,264.0,13.000000000000002,392.8,9.59,0.0,0.0,0.0,0.0,1.0,0.0,0.0,0.0,0.0,0
261,0.53412,20.0,3.97,0.0,0.647,7.5200000000000005,89.4,2.1398,264.0,13.000000000000002,388.37,7.26,0.0,0.0,0.0,0.0,1.0,0.0,0.0,0.0,0.0,0
262,0.52014,20.0,3.97,0.0,0.647,8.398,91.5,2.2885,264.0,13.000000000000002,386.86,5.91,0.0,0.0,0.0,0.0,1.0,0.0,0.0,0.0,0.0,0
263,0.82526,20.0,3.97,0.0,0.647,7.327000000000001,94.5,2.0788,264.0,13.000000000000002,393.42,11.25,0.0,0.0,0.0,0.0,1.0,0.0,0.0,0.0,0.0,0
264,0.55007,20.0,3.97,0.0,0.647,7.206,91.6,1.9301000000000001,264.0,13.000000000000002,387.89,8.1,0.0,0.0,0.0,0.0,1.0,0.0,0.0,0.0,0.0,0
265,0.76162,20.0,3.97,0.0,0.647,5.56,62.79999999999999,1.9865,264.0,13.000000000000002,392.4,10.45,0.0,0.0,0.0,0.0,1.0,0.0,0.0,0.0,0.0,0
266,0.7856999999999998,20.0,3.97,0.0,0.647,7.014000000000001,84.6,2.1329,264.0,13.000000000000002,384.07,14.79,0.0,0.0,0.0,0.0,1.0,0.0,0.0,0.0,0.0,0
267,0.57834,20.0,3.97,0.0,0.575,8.297,67.0,2.4216,264.0,13.000000000000002,384.54,7.44,0.0,0.0,0.0,0.0,1.0,0.0,0.0,0.0,0.0,0
268,0.5405,20.0,3.97,0.0,0.575,7.47,52.6,2.872,264.0,13.000000000000002,390.3,3.16,0.0,0.0,0.0,0.0,1.0,0.0,0.0,0.0,0.0,0
269,0.09065,20.0,6.959999999999999,1.0,0.464,5.92,61.5,3.9175,223.0,18.6,391.34,13.65,0.0,0.0,1.0,0.0,0.0,0.0,0.0,0.0,0.0,2
270,0.29916,20.0,6.959999999999999,0.0,0.464,5.855999999999999,42.1,4.429,223.0,18.6,388.65,13.0,0.0,0.0,1.0,0.0,0.0,0.0,0.0,0.0,0.0,2
271,0.16211,20.0,6.959999999999999,0.0,0.464,6.24,16.3,4.429,223.0,18.6,396.9,6.59,0.0,0.0,1.0,0.0,0.0,0.0,0.0,0.0,0.0,2
272,0.1146,20.0,6.959999999999999,0.0,0.464,6.538,58.7,3.9175,223.0,18.6,394.96,7.73,0.0,0.0,1.0,0.0,0.0,0.0,0.0,0.0,0.0,2
273,0.22188,20.0,6.959999999999999,1.0,0.464,7.691,51.8,4.3665,223.0,18.6,390.77,6.58,0.0,0.0,1.0,0.0,0.0,0.0,0.0,0.0,0.0,2
274,0.05644,40.0,6.41,1.0,0.447,6.758,32.9,4.0776,254.0,17.6,396.9,3.53,0.0,0.0,0.0,1.0,0.0,0.0,0.0,0.0,0.0,3
275,0.09604,40.0,6.41,0.0,0.447,6.854,42.8,4.2673,254.0,17.6,396.9,2.98,0.0,0.0,0.0,1.0,0.0,0.0,0.0,0.0,0.0,3
276,0.10468999999999999,40.0,6.41,1.0,0.447,7.2669999999999995,49.00000000000001,4.7872,254.0,17.6,389.25,6.05,0.0,0.0,0.0,1.0,0.0,0.0,0.0,0.0,0.0,3
277,0.06127,40.0,6.41,1.0,0.447,6.826,27.600000000000005,4.8628,254.0,17.6,393.45,4.16,0.0,0.0,0.0,1.0,0.0,0.0,0.0,0.0,0.0,3
278,0.07978,40.0,6.41,0.0,0.447,6.482,32.1,4.1403,254.0,17.6,396.9,7.190000000000001,0.0,0.0,0.0,1.0,0.0,0.0,0.0,0.0,0.0,3
279,0.21038,20.0,3.33,0.0,0.4429,6.812,32.2,4.1007,216.0,14.9,396.9,4.85,0.0,0.0,0.0,0.0,1.0,0.0,0.0,0.0,0.0,0
280,0.03578,20.0,3.33,0.0,0.4429,7.82,64.5,4.6947,216.0,14.9,387.31,3.76,0.0,0.0,0.0,0.0,1.0,0.0,0.0,0.0,0.0,0
281,0.03705,20.0,3.33,0.0,0.4429,6.968000000000001,37.2,5.2447,216.0,14.9,392.23,4.59,0.0,0.0,0.0,0.0,1.0,0.0,0.0,0.0,0.0,0
282,0.06129,20.0,3.33,1.0,0.4429,7.645,49.699999999999996,5.2119,216.0,14.9,377.07,3.01,0.0,0.0,0.0,0.0,1.0,0.0,0.0,0.0,0.0,0
283,0.01501,90.0,1.21,1.0,0.401,7.923000000000001,24.799999999999997,5.885000000000001,198.0,13.599999999999998,395.52,3.16,1.0,0.0,0.0,0.0,0.0,0.0,0.0,0.0,0.0,2
284,0.00906,90.0,2.97,0.0,0.4,7.088,20.8,7.3073,285.0,15.300000000000002,394.72,7.85,1.0,0.0,0.0,0.0,0.0,0.0,0.0,0.0,0.0,2
285,0.01096,55.0,2.25,0.0,0.389,6.453,31.9,7.3073,300.0,15.300000000000002,394.72,8.23,1.0,0.0,0.0,0.0,0.0,0.0,0.0,0.0,0.0,2
286,0.01965,80.0,1.7599999999999998,0.0,0.385,6.23,31.499999999999996,9.0892,241.0,18.2,341.6,12.93,1.0,0.0,0.0,0.0,0.0,0.0,0.0,0.0,0.0,2
287,0.03871,52.5,5.32,0.0,0.405,6.209,31.3,7.317199999999999,293.0,16.6,396.9,7.14,0.0,0.0,0.0,0.0,0.0,1.0,0.0,0.0,0.0,2
288,0.0459,52.5,5.32,0.0,0.405,6.315,45.6,7.317199999999999,293.0,16.6,396.9,7.6,0.0,0.0,0.0,0.0,0.0,1.0,0.0,0.0,0.0,2
289,0.04297,52.5,5.32,0.0,0.405,6.5649999999999995,22.9,7.317199999999999,293.0,16.6,371.72,9.51,0.0,0.0,0.0,0.0,0.0,1.0,0.0,0.0,0.0,2
290,0.03502,80.0,4.95,0.0,0.411,6.861,27.9,5.1167,245.0,19.2,396.9,3.33,0.0,0.0,0.0,1.0,0.0,0.0,0.0,0.0,0.0,3
291,0.07886,80.0,4.95,0.0,0.411,7.148,27.7,5.1167,245.0,19.2,396.9,3.56,0.0,0.0,0.0,1.0,0.0,0.0,0.0,0.0,0.0,3
292,0.03615,80.0,4.95,0.0,0.411,6.63,23.4,5.1167,245.0,19.2,396.9,4.7,0.0,0.0,0.0,1.0,0.0,0.0,0.0,0.0,0.0,3
293,0.08265,0.0,13.919999999999998,0.0,0.437,6.127,18.4,5.5027,289.0,16.0,396.9,8.58,0.0,0.0,0.0,1.0,0.0,0.0,0.0,0.0,0.0,3
294,0.08199,0.0,13.919999999999998,0.0,0.437,6.009,42.3,5.5027,289.0,16.0,396.9,10.400000000000002,0.0,0.0,0.0,1.0,0.0,0.0,0.0,0.0,0.0,3
295,0.12932,0.0,13.919999999999998,0.0,0.437,6.678000000000001,31.1,5.9604,289.0,16.0,396.9,6.269999999999999,0.0,0.0,0.0,1.0,0.0,0.0,0.0,0.0,0.0,3
296,0.05372,0.0,13.919999999999998,0.0,0.437,6.5489999999999995,50.99999999999999,5.9604,289.0,16.0,392.85,7.39,0.0,0.0,0.0,1.0,0.0,0.0,0.0,0.0,0.0,3
297,0.14103,0.0,13.919999999999998,0.0,0.437,5.79,58.0,6.319999999999999,289.0,16.0,396.9,15.84,0.0,0.0,0.0,1.0,0.0,0.0,0.0,0.0,0.0,3
298,0.06466,70.0,2.24,0.0,0.4,6.345,20.1,7.8278,358.0,14.8,368.24,4.97,0.0,0.0,0.0,0.0,1.0,0.0,0.0,0.0,0.0,0
299,0.05561,70.0,2.24,0.0,0.4,7.041,10.0,7.8278,358.0,14.8,371.58,4.74,0.0,0.0,0.0,0.0,1.0,0.0,0.0,0.0,0.0,0
300,0.044169999999999994,70.0,2.24,0.0,0.4,6.871,47.4,7.8278,358.0,14.8,390.86,6.07,0.0,0.0,0.0,0.0,1.0,0.0,0.0,0.0,0.0,0
301,0.03537,34.0,6.09,0.0,0.433,6.589999999999999,40.4,5.4917,329.0,16.1,395.75,9.5,0.0,0.0,0.0,0.0,0.0,0.0,1.0,0.0,0.0,2
302,0.09266,34.0,6.09,0.0,0.433,6.495,18.4,5.4917,329.0,16.1,383.61,8.67,0.0,0.0,0.0,0.0,0.0,0.0,1.0,0.0,0.0,2
303,0.1,34.0,6.09,0.0,0.433,6.982,17.7,5.4917,329.0,16.1,390.43,4.86,0.0,0.0,0.0,0.0,0.0,0.0,1.0,0.0,0.0,2
304,0.05515,33.0,2.18,0.0,0.472,7.236,41.1,4.022,222.0,18.4,393.68,6.93,0.0,0.0,0.0,0.0,0.0,0.0,1.0,0.0,0.0,2
305,0.05479,33.0,2.18,0.0,0.472,6.616,58.1,3.37,222.0,18.4,393.36,8.93,0.0,0.0,0.0,0.0,0.0,0.0,1.0,0.0,0.0,2
306,0.07503,33.0,2.18,0.0,0.472,7.42,71.9,3.0992,222.0,18.4,396.9,6.47,0.0,0.0,0.0,0.0,0.0,0.0,1.0,0.0,0.0,2
307,0.04932,33.0,2.18,0.0,0.472,6.849,70.3,3.1827,222.0,18.4,396.9,7.53,0.0,0.0,0.0,0.0,0.0,0.0,1.0,0.0,0.0,2
308,0.49298000000000003,0.0,9.9,0.0,0.544,6.635,82.5,3.3175,304.0,18.4,396.9,4.54,0.0,0.0,0.0,1.0,0.0,0.0,0.0,0.0,0.0,3
309,0.3494,0.0,9.9,0.0,0.544,5.972,76.7,3.1025,304.0,18.4,396.24,9.97,0.0,0.0,0.0,1.0,0.0,0.0,0.0,0.0,0.0,3
310,2.63548,0.0,9.9,0.0,0.544,4.973,37.8,2.5194,304.0,18.4,350.45,12.64,0.0,0.0,0.0,1.0,0.0,0.0,0.0,0.0,0.0,3
311,0.79041,0.0,9.9,0.0,0.544,6.122,52.79999999999999,2.6403,304.0,18.4,396.9,5.98,0.0,0.0,0.0,1.0,0.0,0.0,0.0,0.0,0.0,3
312,0.26169,0.0,9.9,0.0,0.544,6.023,90.4,2.834,304.0,18.4,396.3,11.72,0.0,0.0,0.0,1.0,0.0,0.0,0.0,0.0,0.0,3
313,0.26938,0.0,9.9,0.0,0.544,6.266000000000001,82.8,3.2627999999999995,304.0,18.4,393.39,7.9,0.0,0.0,0.0,1.0,0.0,0.0,0.0,0.0,0.0,3
314,0.3692,0.0,9.9,0.0,0.544,6.567,87.3,3.6023,304.0,18.4,395.69,9.28,0.0,0.0,0.0,1.0,0.0,0.0,0.0,0.0,0.0,3
315,0.25356,0.0,9.9,0.0,0.544,5.705,77.7,3.945,304.0,18.4,396.42,11.500000000000002,0.0,0.0,0.0,1.0,0.0,0.0,0.0,0.0,0.0,3
316,0.31827,0.0,9.9,0.0,0.544,5.914,83.2,3.9986,304.0,18.4,390.7,18.33,0.0,0.0,0.0,1.0,0.0,0.0,0.0,0.0,0.0,3
317,0.24522,0.0,9.9,0.0,0.544,5.782,71.7,4.0317,304.0,18.4,396.9,15.94,0.0,0.0,0.0,1.0,0.0,0.0,0.0,0.0,0.0,3
318,0.40202,0.0,9.9,0.0,0.544,6.382,67.2,3.5325,304.0,18.4,395.21,10.36,0.0,0.0,0.0,1.0,0.0,0.0,0.0,0.0,0.0,3
319,0.47547,0.0,9.9,0.0,0.544,6.113,58.79999999999999,4.0019,304.0,18.4,396.23,12.73,0.0,0.0,0.0,1.0,0.0,0.0,0.0,0.0,0.0,3
320,0.1676,0.0,7.380000000000001,0.0,0.493,6.426,52.300000000000004,4.5404,287.0,19.6,396.9,7.2,0.0,0.0,0.0,0.0,1.0,0.0,0.0,0.0,0.0,0
321,0.18159,0.0,7.380000000000001,0.0,0.493,6.376,54.300000000000004,4.5404,287.0,19.6,396.9,6.87,0.0,0.0,0.0,0.0,1.0,0.0,0.0,0.0,0.0,0
322,0.35113999999999995,0.0,7.380000000000001,0.0,0.493,6.041,49.9,4.7211,287.0,19.6,396.9,7.7,0.0,0.0,0.0,0.0,1.0,0.0,0.0,0.0,0.0,0
323,0.28392,0.0,7.380000000000001,0.0,0.493,5.708,74.3,4.7211,287.0,19.6,391.13,11.74,0.0,0.0,0.0,0.0,1.0,0.0,0.0,0.0,0.0,0
324,0.34109,0.0,7.380000000000001,0.0,0.493,6.415,40.1,4.7211,287.0,19.6,396.9,6.12,0.0,0.0,0.0,0.0,1.0,0.0,0.0,0.0,0.0,0
325,0.19186,0.0,7.380000000000001,0.0,0.493,6.431,14.699999999999998,5.4159,287.0,19.6,393.68,5.08,0.0,0.0,0.0,0.0,1.0,0.0,0.0,0.0,0.0,0
326,0.30347,0.0,7.380000000000001,0.0,0.493,6.311999999999999,28.9,5.4159,287.0,19.6,396.9,6.15,0.0,0.0,0.0,0.0,1.0,0.0,0.0,0.0,0.0,0
327,0.24103,0.0,7.380000000000001,0.0,0.493,6.083,43.7,5.4159,287.0,19.6,396.9,12.79,0.0,0.0,0.0,0.0,1.0,0.0,0.0,0.0,0.0,0
328,0.06617,0.0,3.24,0.0,0.46,5.868000000000001,25.799999999999997,5.2146,430.0,16.9,382.44,9.97,0.0,0.0,0.0,1.0,0.0,0.0,0.0,0.0,0.0,3
329,0.06724,0.0,3.24,0.0,0.46,6.333,17.2,5.2146,430.0,16.9,375.21,7.34,0.0,0.0,0.0,1.0,0.0,0.0,0.0,0.0,0.0,3
330,0.04544,0.0,3.24,0.0,0.46,6.144000000000001,32.2,5.8736,430.0,16.9,368.57,9.09,0.0,0.0,0.0,1.0,0.0,0.0,0.0,0.0,0.0,3
331,0.050230000000000004,35.0,6.06,0.0,0.4379,5.706,28.399999999999995,6.6407,304.0,16.9,394.02,12.430000000000001,1.0,0.0,0.0,0.0,0.0,0.0,0.0,0.0,0.0,2
332,0.03466,35.0,6.06,0.0,0.4379,6.031000000000001,23.3,6.6407,304.0,16.9,362.25,7.83,1.0,0.0,0.0,0.0,0.0,0.0,0.0,0.0,0.0,2
333,0.05083,0.0,5.19,0.0,0.515,6.316,38.1,6.458399999999999,224.0,20.2,389.71,5.68,0.0,0.0,0.0,0.0,1.0,0.0,0.0,0.0,0.0,0
334,0.03738,0.0,5.19,0.0,0.515,6.31,38.5,6.458399999999999,224.0,20.2,389.4,6.75,0.0,0.0,0.0,0.0,1.0,0.0,0.0,0.0,0.0,0
335,0.03961,0.0,5.19,0.0,0.515,6.037,34.5,5.9853,224.0,20.2,396.9,8.01,0.0,0.0,0.0,0.0,1.0,0.0,0.0,0.0,0.0,0
336,0.03427,0.0,5.19,0.0,0.515,5.869,46.3,5.2311,224.0,20.2,396.9,9.8,0.0,0.0,0.0,0.0,1.0,0.0,0.0,0.0,0.0,0
337,0.030409999999999996,0.0,5.19,0.0,0.515,5.894999999999999,59.599999999999994,5.615,224.0,20.2,394.81,10.56,0.0,0.0,0.0,0.0,1.0,0.0,0.0,0.0,0.0,0
338,0.03306,0.0,5.19,0.0,0.515,6.059000000000001,37.3,4.8122,224.0,20.2,396.14,8.51,0.0,0.0,0.0,0.0,1.0,0.0,0.0,0.0,0.0,0
339,0.05497,0.0,5.19,0.0,0.515,5.984999999999999,45.4,4.8122,224.0,20.2,396.9,9.74,0.0,0.0,0.0,0.0,1.0,0.0,0.0,0.0,0.0,0
340,0.06151,0.0,5.19,0.0,0.515,5.968,58.5,4.8122,224.0,20.2,396.9,9.29,0.0,0.0,0.0,0.0,1.0,0.0,0.0,0.0,0.0,0
341,0.01301,35.0,1.52,0.0,0.442,7.241,49.3,7.0379,284.0,15.5,394.74,5.49,1.0,0.0,0.0,0.0,0.0,0.0,0.0,0.0,0.0,2
342,0.02498,0.0,1.8899999999999997,0.0,0.518,6.54,59.699999999999996,6.2669,422.0,15.899999999999999,389.96,8.65,1.0,0.0,0.0,0.0,0.0,0.0,0.0,0.0,0.0,2
343,0.02543,55.0,3.7799999999999994,0.0,0.484,6.695999999999999,56.400000000000006,5.7321,370.0,17.6,396.9,7.18,0.0,0.0,0.0,0.0,1.0,0.0,0.0,0.0,0.0,0
344,0.030490000000000003,55.0,3.7799999999999994,0.0,0.484,6.874,28.1,6.465400000000001,370.0,17.6,387.97,4.61,0.0,0.0,0.0,0.0,1.0,0.0,0.0,0.0,0.0,0
345,0.031130000000000005,0.0,4.39,0.0,0.442,6.014,48.5,8.0136,352.0,18.8,385.64,10.53,0.0,0.0,1.0,0.0,0.0,0.0,0.0,0.0,0.0,2
346,0.06162000000000001,0.0,4.39,0.0,0.442,5.898,52.300000000000004,8.0136,352.0,18.8,364.61,12.67,0.0,0.0,1.0,0.0,0.0,0.0,0.0,0.0,0.0,2
347,0.0187,85.0,4.15,0.0,0.429,6.516,27.7,8.5353,351.0,17.9,392.43,6.36,0.0,0.0,0.0,1.0,0.0,0.0,0.0,0.0,0.0,3
348,0.01501,80.0,2.01,0.0,0.435,6.635,29.7,8.344,280.0,17.0,390.94,5.990000000000001,0.0,0.0,0.0,1.0,0.0,0.0,0.0,0.0,0.0,3
349,0.028989999999999995,40.0,1.25,0.0,0.429,6.939,34.5,8.7921,335.0,19.7,389.85,5.889999999999999,1.0,0.0,0.0,0.0,0.0,0.0,0.0,0.0,0.0,2
350,0.06211,40.0,1.25,0.0,0.429,6.49,44.4,8.7921,335.0,19.7,396.9,5.98,1.0,0.0,0.0,0.0,0.0,0.0,0.0,0.0,0.0,2
351,0.0795,60.0,1.69,0.0,0.411,6.579,35.9,10.7103,411.0,18.3,370.78,5.49,0.0,0.0,0.0,1.0,0.0,0.0,0.0,0.0,0.0,3
352,0.07244,60.0,1.69,0.0,0.411,5.884000000000001,18.5,10.7103,411.0,18.3,392.33,7.79,0.0,0.0,0.0,1.0,0.0,0.0,0.0,0.0,0.0,3
353,0.01709,90.0,2.02,0.0,0.41,6.728,36.1,12.126499999999998,187.0,17.0,384.46,4.5,0.0,0.0,0.0,0.0,1.0,0.0,0.0,0.0,0.0,0
354,0.04301,80.0,1.9100000000000001,0.0,0.413,5.663000000000001,21.9,10.5857,334.0,22.0,382.8,8.05,0.0,0.0,0.0,1.0,0.0,0.0,0.0,0.0,0.0,3
355,0.10659000000000002,80.0,1.9100000000000001,0.0,0.413,5.936,19.5,10.5857,334.0,22.0,376.04,5.57,0.0,0.0,0.0,1.0,0.0,0.0,0.0,0.0,0.0,3
356,8.98296,0.0,18.1,1.0,0.77,6.212,97.4,2.1222,665.9999999999999,20.2,377.73,17.6,0.0,0.0,0.0,0.0,0.0,0.0,0.0,0.0,1.0,1
357,3.8497,0.0,18.1,1.0,0.77,6.395,91.0,2.5052,665.9999999999999,20.2,391.34,13.27,0.0,0.0,0.0,0.0,0.0,0.0,0.0,0.0,1.0,1
358,5.20177,0.0,18.1,1.0,0.77,6.127,83.4,2.7227,665.9999999999999,20.2,395.43,11.48,0.0,0.0,0.0,0.0,0.0,0.0,0.0,0.0,1.0,1
359,4.26131,0.0,18.1,0.0,0.77,6.112,81.3,2.5091,665.9999999999999,20.2,390.74,12.67,0.0,0.0,0.0,0.0,0.0,0.0,0.0,0.0,1.0,1
360,4.54192,0.0,18.1,0.0,0.77,6.398,88.0,2.5182,665.9999999999999,20.2,374.56,7.79,0.0,0.0,0.0,0.0,0.0,0.0,0.0,0.0,1.0,1
361,3.8368400000000005,0.0,18.1,0.0,0.77,6.251,91.1,2.2955,665.9999999999999,20.2,350.65,14.19,0.0,0.0,0.0,0.0,0.0,0.0,0.0,0.0,1.0,1
362,3.67822,0.0,18.1,0.0,0.77,5.362,96.2,2.1036,665.9999999999999,20.2,380.79,10.19,0.0,0.0,0.0,0.0,0.0,0.0,0.0,0.0,1.0,1
363,4.22239,0.0,18.1,1.0,0.77,5.802999999999999,89.0,1.9047,665.9999999999999,20.2,353.04,14.64,0.0,0.0,0.0,0.0,0.0,0.0,0.0,0.0,1.0,1
364,3.47428,0.0,18.1,1.0,0.718,8.78,82.9,1.9047,665.9999999999999,20.2,354.55,5.29,0.0,0.0,0.0,0.0,0.0,0.0,0.0,0.0,1.0,1
365,4.55587,0.0,18.1,0.0,0.718,3.5610000000000004,87.9,1.6131999999999997,665.9999999999999,20.2,354.7,7.12,0.0,0.0,0.0,0.0,0.0,0.0,0.0,0.0,1.0,1
366,3.69695,0.0,18.1,0.0,0.718,4.963,91.4,1.7523,665.9999999999999,20.2,316.03,14.0,0.0,0.0,0.0,0.0,0.0,0.0,0.0,0.0,1.0,1
367,13.5222,0.0,18.1,0.0,0.631,3.863,100.0,1.5106,665.9999999999999,20.2,131.42,13.33,0.0,0.0,0.0,0.0,0.0,0.0,0.0,0.0,1.0,1
368,4.89822,0.0,18.1,0.0,0.631,4.97,100.0,1.3325,665.9999999999999,20.2,375.52,3.26,0.0,0.0,0.0,0.0,0.0,0.0,0.0,0.0,1.0,1
369,5.669980000000001,0.0,18.1,1.0,0.631,6.683,96.8,1.3567,665.9999999999999,20.2,375.33,3.73,0.0,0.0,0.0,0.0,0.0,0.0,0.0,0.0,1.0,1
370,6.53876,0.0,18.1,1.0,0.631,7.015999999999999,97.5,1.2024,665.9999999999999,20.2,392.05,2.96,0.0,0.0,0.0,0.0,0.0,0.0,0.0,0.0,1.0,1
371,9.2323,0.0,18.1,0.0,0.631,6.216,100.0,1.1691,665.9999999999999,20.2,366.15,9.53,0.0,0.0,0.0,0.0,0.0,0.0,0.0,0.0,1.0,1
372,8.26725,0.0,18.1,1.0,0.668,5.875,89.6,1.1296,665.9999999999999,20.2,347.88,8.88,0.0,0.0,0.0,0.0,0.0,0.0,0.0,0.0,1.0,1
373,11.1081,0.0,18.1,0.0,0.668,4.906,100.0,1.1742,665.9999999999999,20.2,396.9,34.77,0.0,0.0,0.0,0.0,0.0,0.0,0.0,0.0,1.0,1
374,18.4982,0.0,18.1,0.0,0.668,4.138,100.0,1.137,665.9999999999999,20.2,396.9,37.97,0.0,0.0,0.0,0.0,0.0,0.0,0.0,0.0,1.0,1
375,19.6091,0.0,18.1,0.0,0.671,7.313000000000001,97.9,1.3163,665.9999999999999,20.2,396.9,13.44,0.0,0.0,0.0,0.0,0.0,0.0,0.0,0.0,1.0,1
376,15.288,0.0,18.1,0.0,0.671,6.649,93.3,1.3449,665.9999999999999,20.2,363.02,23.240000000000002,0.0,0.0,0.0,0.0,0.0,0.0,0.0,0.0,1.0,1
377,9.82349,0.0,18.1,0.0,0.671,6.794,98.8,1.358,665.9999999999999,20.2,396.9,21.240000000000002,0.0,0.0,0.0,0.0,0.0,0.0,0.0,0.0,1.0,1
378,23.6482,0.0,18.1,0.0,0.671,6.38,96.2,1.3860999999999999,665.9999999999999,20.2,396.9,23.690000000000005,0.0,0.0,0.0,0.0,0.0,0.0,0.0,0.0,1.0,1
379,17.8667,0.0,18.1,0.0,0.671,6.223,100.0,1.3860999999999999,665.9999999999999,20.2,393.74,21.78,0.0,0.0,0.0,0.0,0.0,0.0,0.0,0.0,1.0,1
380,88.9762,0.0,18.1,0.0,0.671,6.968000000000001,91.9,1.4165,665.9999999999999,20.2,396.9,17.21,0.0,0.0,0.0,0.0,0.0,0.0,0.0,0.0,1.0,1
381,15.8744,0.0,18.1,0.0,0.671,6.545,99.09999999999998,1.5191999999999999,665.9999999999999,20.2,396.9,21.08,0.0,0.0,0.0,0.0,0.0,0.0,0.0,0.0,1.0,1
382,9.18702,0.0,18.1,0.0,0.7,5.5360000000000005,100.0,1.5803999999999998,665.9999999999999,20.2,396.9,23.6,0.0,0.0,0.0,0.0,0.0,0.0,0.0,0.0,1.0,1
383,7.99248,0.0,18.1,0.0,0.7,5.5200000000000005,100.0,1.5331,665.9999999999999,20.2,396.9,24.56,0.0,0.0,0.0,0.0,0.0,0.0,0.0,0.0,1.0,1
384,20.0849,0.0,18.1,0.0,0.7,4.368,91.2,1.4395,665.9999999999999,20.2,285.83,30.63,0.0,0.0,0.0,0.0,0.0,0.0,0.0,0.0,1.0,1
385,16.8118,0.0,18.1,0.0,0.7,5.277,98.1,1.4261,665.9999999999999,20.2,396.9,30.810000000000002,0.0,0.0,0.0,0.0,0.0,0.0,0.0,0.0,1.0,1
386,24.3938,0.0,18.1,0.0,0.7,4.652,100.0,1.4672,665.9999999999999,20.2,396.9,28.280000000000005,0.0,0.0,0.0,0.0,0.0,0.0,0.0,0.0,1.0,1
387,22.597100000000005,0.0,18.1,0.0,0.7,5.0,89.5,1.5184,665.9999999999999,20.2,396.9,31.99,0.0,0.0,0.0,0.0,0.0,0.0,0.0,0.0,1.0,1
388,14.3337,0.0,18.1,0.0,0.7,4.88,100.0,1.5895,665.9999999999999,20.2,372.92,30.620000000000005,0.0,0.0,0.0,0.0,0.0,0.0,0.0,0.0,1.0,1
389,8.15174,0.0,18.1,0.0,0.7,5.39,98.9,1.7281,665.9999999999999,20.2,396.9,20.850000000000005,0.0,0.0,0.0,0.0,0.0,0.0,0.0,0.0,1.0,1
390,6.962150000000001,0.0,18.1,0.0,0.7,5.713,97.0,1.9265,665.9999999999999,20.2,394.43,17.11,0.0,0.0,0.0,0.0,0.0,0.0,0.0,0.0,1.0,1
391,5.29305,0.0,18.1,0.0,0.7,6.051,82.5,2.1678,665.9999999999999,20.2,378.38,18.76,0.0,0.0,0.0,0.0,0.0,0.0,0.0,0.0,1.0,1
392,11.5779,0.0,18.1,0.0,0.7,5.036,97.0,1.77,665.9999999999999,20.2,396.9,25.680000000000003,0.0,0.0,0.0,0.0,0.0,0.0,0.0,0.0,1.0,1
393,8.64476,0.0,18.1,0.0,0.693,6.193,92.6,1.7912000000000001,665.9999999999999,20.2,396.9,15.17,0.0,0.0,0.0,0.0,0.0,0.0,0.0,0.0,1.0,1
394,13.3598,0.0,18.1,0.0,0.693,5.887,94.7,1.7821,665.9999999999999,20.2,396.9,16.35,0.0,0.0,0.0,0.0,0.0,0.0,0.0,0.0,1.0,1
395,8.71675,0.0,18.1,0.0,0.693,6.471,98.8,1.7257,665.9999999999999,20.2,391.98,17.12,0.0,0.0,0.0,0.0,0.0,0.0,0.0,0.0,1.0,1
396,5.87205,0.0,18.1,0.0,0.693,6.405,96.0,1.6768000000000003,665.9999999999999,20.2,396.9,19.37,0.0,0.0,0.0,0.0,0.0,0.0,0.0,0.0,1.0,1
397,7.67202,0.0,18.1,0.0,0.693,5.747,98.9,1.6334,665.9999999999999,20.2,393.1,19.920000000000005,0.0,0.0,0.0,0.0,0.0,0.0,0.0,0.0,1.0,1
398,38.3518,0.0,18.1,0.0,0.693,5.453,100.0,1.4896,665.9999999999999,20.2,396.9,30.590000000000003,0.0,0.0,0.0,0.0,0.0,0.0,0.0,0.0,1.0,1
399,9.91655,0.0,18.1,0.0,0.693,5.852000000000001,77.8,1.5004,665.9999999999999,20.2,338.16,29.970000000000002,0.0,0.0,0.0,0.0,0.0,0.0,0.0,0.0,1.0,1
400,25.046100000000003,0.0,18.1,0.0,0.693,5.987,100.0,1.5887999999999998,665.9999999999999,20.2,396.9,26.770000000000003,0.0,0.0,0.0,0.0,0.0,0.0,0.0,0.0,1.0,1
401,14.2362,0.0,18.1,0.0,0.693,6.343,100.0,1.5741,665.9999999999999,20.2,396.9,20.32,0.0,0.0,0.0,0.0,0.0,0.0,0.0,0.0,1.0,1
402,9.59571,0.0,18.1,0.0,0.693,6.404000000000001,100.0,1.6389999999999998,665.9999999999999,20.2,376.11,20.310000000000002,0.0,0.0,0.0,0.0,0.0,0.0,0.0,0.0,1.0,1
403,24.8017,0.0,18.1,0.0,0.693,5.349,96.0,1.7028,665.9999999999999,20.2,396.9,19.77,0.0,0.0,0.0,0.0,0.0,0.0,0.0,0.0,1.0,1
404,41.5292,0.0,18.1,0.0,0.693,5.531,85.4,1.6074,665.9999999999999,20.2,329.46,27.38,0.0,0.0,0.0,0.0,0.0,0.0,0.0,0.0,1.0,1
405,67.9208,0.0,18.1,0.0,0.693,5.683,100.0,1.4254,665.9999999999999,20.2,384.97,22.98,0.0,0.0,0.0,0.0,0.0,0.0,0.0,0.0,1.0,1
406,20.7162,0.0,18.1,0.0,0.659,4.138,100.0,1.1781,665.9999999999999,20.2,370.22,23.340000000000007,0.0,0.0,0.0,0.0,0.0,0.0,0.0,0.0,1.0,1
407,11.9511,0.0,18.1,0.0,0.659,5.608,100.0,1.2852,665.9999999999999,20.2,332.09,12.13,0.0,0.0,0.0,0.0,0.0,0.0,0.0,0.0,1.0,1
408,7.40389,0.0,18.1,0.0,0.597,5.617000000000001,97.9,1.4547,665.9999999999999,20.2,314.64,26.4,0.0,0.0,0.0,0.0,0.0,0.0,0.0,0.0,1.0,1
409,14.438299999999998,0.0,18.1,0.0,0.597,6.852,100.0,1.4654999999999998,665.9999999999999,20.2,179.36,19.78,0.0,0.0,0.0,0.0,0.0,0.0,0.0,0.0,1.0,1
410,51.1358,0.0,18.1,0.0,0.597,5.757000000000001,100.0,1.413,665.9999999999999,20.2,2.6,10.11,0.0,0.0,0.0,0.0,0.0,0.0,0.0,0.0,1.0,1
411,14.0507,0.0,18.1,0.0,0.597,6.656999999999999,100.0,1.5275,665.9999999999999,20.2,35.05,21.22,0.0,0.0,0.0,0.0,0.0,0.0,0.0,0.0,1.0,1
412,18.811,0.0,18.1,0.0,0.597,4.628,100.0,1.5539,665.9999999999999,20.2,28.789999999999996,34.370000000000005,0.0,0.0,0.0,0.0,0.0,0.0,0.0,0.0,1.0,1
413,28.6558,0.0,18.1,0.0,0.597,5.155,100.0,1.5894,665.9999999999999,20.2,210.97,20.08,0.0,0.0,0.0,0.0,0.0,0.0,0.0,0.0,1.0,1
414,45.7461,0.0,18.1,0.0,0.693,4.519,100.0,1.6582,665.9999999999999,20.2,88.27,36.98,0.0,0.0,0.0,0.0,0.0,0.0,0.0,0.0,1.0,1
415,18.0846,0.0,18.1,0.0,0.679,6.434000000000001,100.0,1.8346999999999998,665.9999999999999,20.2,27.249999999999996,29.05,0.0,0.0,0.0,0.0,0.0,0.0,0.0,0.0,1.0,1
416,10.8342,0.0,18.1,0.0,0.679,6.782,90.8,1.8194999999999997,665.9999999999999,20.2,21.57,25.790000000000003,0.0,0.0,0.0,0.0,0.0,0.0,0.0,0.0,1.0,1
417,25.9406,0.0,18.1,0.0,0.679,5.304000000000001,89.1,1.6475,665.9999999999999,20.2,127.36,26.64,0.0,0.0,0.0,0.0,0.0,0.0,0.0,0.0,1.0,1
418,73.5341,0.0,18.1,0.0,0.679,5.957,100.0,1.8026,665.9999999999999,20.2,16.45,20.62,0.0,0.0,0.0,0.0,0.0,0.0,0.0,0.0,1.0,1
419,11.8123,0.0,18.1,0.0,0.718,6.824,76.5,1.794,665.9999999999999,20.2,48.45,22.74,0.0,0.0,0.0,0.0,0.0,0.0,0.0,0.0,1.0,1
420,11.0874,0.0,18.1,0.0,0.718,6.411,100.0,1.8589,665.9999999999999,20.2,318.75,15.02,0.0,0.0,0.0,0.0,0.0,0.0,0.0,0.0,1.0,1
421,7.02259,0.0,18.1,0.0,0.718,6.006000000000001,95.3,1.8746,665.9999999999999,20.2,319.98,15.7,0.0,0.0,0.0,0.0,0.0,0.0,0.0,0.0,1.0,1
422,12.0482,0.0,18.1,0.0,0.614,5.648,87.6,1.9512,665.9999999999999,20.2,291.55,14.1,0.0,0.0,0.0,0.0,0.0,0.0,0.0,0.0,1.0,1
423,7.050419999999999,0.0,18.1,0.0,0.614,6.103,85.1,2.0218,665.9999999999999,20.2,2.52,23.290000000000003,0.0,0.0,0.0,0.0,0.0,0.0,0.0,0.0,1.0,1
424,8.79212,0.0,18.1,0.0,0.584,5.565,70.6,2.0635,665.9999999999999,20.2,3.65,17.16,0.0,0.0,0.0,0.0,0.0,0.0,0.0,0.0,1.0,1
425,15.8603,0.0,18.1,0.0,0.679,5.896,95.4,1.9096,665.9999999999999,20.2,7.680000000000001,24.39,0.0,0.0,0.0,0.0,0.0,0.0,0.0,0.0,1.0,1
426,12.2472,0.0,18.1,0.0,0.584,5.837,59.699999999999996,1.9976000000000003,665.9999999999999,20.2,24.65,15.69,0.0,0.0,0.0,0.0,0.0,0.0,0.0,0.0,1.0,1
427,37.6619,0.0,18.1,0.0,0.679,6.202,78.7,1.8629,665.9999999999999,20.2,18.82,14.52,0.0,0.0,0.0,0.0,0.0,0.0,0.0,0.0,1.0,1
428,7.36711,0.0,18.1,0.0,0.679,6.193,78.1,1.9356,665.9999999999999,20.2,96.73,21.52,0.0,0.0,0.0,0.0,0.0,0.0,0.0,0.0,1.0,1
429,9.33889,0.0,18.1,0.0,0.679,6.38,95.6,1.9681999999999997,665.9999999999999,20.2,60.72,24.080000000000002,0.0,0.0,0.0,0.0,0.0,0.0,0.0,0.0,1.0,1
430,8.49213,0.0,18.1,0.0,0.584,6.348,86.1,2.0527,665.9999999999999,20.2,83.45,17.64,0.0,0.0,0.0,0.0,0.0,0.0,0.0,0.0,1.0,1
431,10.0623,0.0,18.1,0.0,0.584,6.833,94.3,2.0882,665.9999999999999,20.2,81.33,19.69,0.0,0.0,0.0,0.0,0.0,0.0,0.0,0.0,1.0,1
432,6.44405,0.0,18.1,0.0,0.584,6.425,74.8,2.2004,665.9999999999999,20.2,97.95,12.03,0.0,0.0,0.0,0.0,0.0,0.0,0.0,0.0,1.0,1
433,5.58107,0.0,18.1,0.0,0.713,6.435999999999999,87.9,2.3158,665.9999999999999,20.2,100.19000000000001,16.22,0.0,0.0,0.0,0.0,0.0,0.0,0.0,0.0,1.0,1
434,13.9134,0.0,18.1,0.0,0.713,6.208,95.0,2.2222,665.9999999999999,20.2,100.63,15.17,0.0,0.0,0.0,0.0,0.0,0.0,0.0,0.0,1.0,1
435,11.1604,0.0,18.1,0.0,0.74,6.628999999999999,94.6,2.1247,665.9999999999999,20.2,109.85,23.270000000000003,0.0,0.0,0.0,0.0,0.0,0.0,0.0,0.0,1.0,1
436,14.4208,0.0,18.1,0.0,0.74,6.461,93.3,2.0026,665.9999999999999,20.2,27.489999999999995,18.05,0.0,0.0,0.0,0.0,0.0,0.0,0.0,0.0,1.0,1
437,15.1772,0.0,18.1,0.0,0.74,6.152,100.0,1.9142,665.9999999999999,20.2,9.32,26.45,0.0,0.0,0.0,0.0,0.0,0.0,0.0,0.0,1.0,1
438,13.678099999999999,0.0,18.1,0.0,0.74,5.935,87.9,1.8206,665.9999999999999,20.2,68.95,34.02000000000001,0.0,0.0,0.0,0.0,0.0,0.0,0.0,0.0,1.0,1
439,9.39063,0.0,18.1,0.0,0.74,5.627,93.9,1.8172,665.9999999999999,20.2,396.9,22.88,0.0,0.0,0.0,0.0,0.0,0.0,0.0,0.0,1.0,1
440,22.0511,0.0,18.1,0.0,0.74,5.818,92.4,1.8661999999999999,665.9999999999999,20.2,391.45,22.11,0.0,0.0,0.0,0.0,0.0,0.0,0.0,0.0,1.0,1
441,9.72418,0.0,18.1,0.0,0.74,6.405999999999999,97.2,2.0651,665.9999999999999,20.2,385.96,19.52,0.0,0.0,0.0,0.0,0.0,0.0,0.0,0.0,1.0,1
442,5.66637,0.0,18.1,0.0,0.74,6.219,100.0,2.0048,665.9999999999999,20.2,395.69,16.59,0.0,0.0,0.0,0.0,0.0,0.0,0.0,0.0,1.0,1
443,9.96654,0.0,18.1,0.0,0.74,6.485,100.0,1.9783999999999997,665.9999999999999,20.2,386.73,18.85,0.0,0.0,0.0,0.0,0.0,0.0,0.0,0.0,1.0,1
444,12.8023,0.0,18.1,0.0,0.74,5.854000000000001,96.6,1.8956,665.9999999999999,20.2,240.52,23.790000000000003,0.0,0.0,0.0,0.0,0.0,0.0,0.0,0.0,1.0,1
445,10.6718,0.0,18.1,0.0,0.74,6.4590000000000005,94.8,1.9879,665.9999999999999,20.2,43.06,23.98,0.0,0.0,0.0,0.0,0.0,0.0,0.0,0.0,1.0,1
446,6.28807,0.0,18.1,0.0,0.74,6.341,96.4,2.072,665.9999999999999,20.2,318.01,17.79,0.0,0.0,0.0,0.0,0.0,0.0,0.0,0.0,1.0,1
447,9.92485,0.0,18.1,0.0,0.74,6.251,96.6,2.198,665.9999999999999,20.2,388.52,16.44,0.0,0.0,0.0,0.0,0.0,0.0,0.0,0.0,1.0,1
448,9.32909,0.0,18.1,0.0,0.713,6.184999999999999,98.7,2.2616,665.9999999999999,20.2,396.9,18.13,0.0,0.0,0.0,0.0,0.0,0.0,0.0,0.0,1.0,1
449,7.52601,0.0,18.1,0.0,0.713,6.417,98.3,2.185,665.9999999999999,20.2,304.21,19.31,0.0,0.0,0.0,0.0,0.0,0.0,0.0,0.0,1.0,1
450,6.71772,0.0,18.1,0.0,0.713,6.7490000000000006,92.6,2.3236,665.9999999999999,20.2,0.32,17.44,0.0,0.0,0.0,0.0,0.0,0.0,0.0,0.0,1.0,1
451,5.44114,0.0,18.1,0.0,0.713,6.655000000000001,98.20000000000002,2.3552,665.9999999999999,20.2,355.29,17.73,0.0,0.0,0.0,0.0,0.0,0.0,0.0,0.0,1.0,1
452,5.09017,0.0,18.1,0.0,0.713,6.297,91.8,2.3682,665.9999999999999,20.2,385.09,17.27,0.0,0.0,0.0,0.0,0.0,0.0,0.0,0.0,1.0,1
453,8.24809,0.0,18.1,0.0,0.713,7.393,99.30000000000001,2.4527,665.9999999999999,20.2,375.87,16.74,0.0,0.0,0.0,0.0,0.0,0.0,0.0,0.0,1.0,1
454,9.51363,0.0,18.1,0.0,0.713,6.728,94.1,2.4961,665.9999999999999,20.2,6.68,18.709999999999997,0.0,0.0,0.0,0.0,0.0,0.0,0.0,0.0,1.0,1
455,4.75237,0.0,18.1,0.0,0.713,6.525,86.5,2.4358,665.9999999999999,20.2,50.92000000000001,18.13,0.0,0.0,0.0,0.0,0.0,0.0,0.0,0.0,1.0,1
456,4.66883,0.0,18.1,0.0,0.713,5.976000000000001,87.9,2.5806,665.9999999999999,20.2,10.48,19.01,0.0,0.0,0.0,0.0,0.0,0.0,0.0,0.0,1.0,1
457,8.20058,0.0,18.1,0.0,0.713,5.936,80.3,2.7792000000000003,665.9999999999999,20.2,3.4999999999999996,16.94,0.0,0.0,0.0,0.0,0.0,0.0,0.0,0.0,1.0,1
458,7.75223,0.0,18.1,0.0,0.713,6.301,83.7,2.7831,665.9999999999999,20.2,272.21,16.23,0.0,0.0,0.0,0.0,0.0,0.0,0.0,0.0,1.0,1
459,6.80117,0.0,18.1,0.0,0.713,6.081,84.4,2.7175,665.9999999999999,20.2,396.9,14.7,0.0,0.0,0.0,0.0,0.0,0.0,0.0,0.0,1.0,1
460,4.81213,0.0,18.1,0.0,0.713,6.701,90.0,2.5975,665.9999999999999,20.2,255.23,16.42,0.0,0.0,0.0,0.0,0.0,0.0,0.0,0.0,1.0,1
461,3.69311,0.0,18.1,0.0,0.713,6.376,88.4,2.5671000000000004,665.9999999999999,20.2,391.43,14.65,0.0,0.0,0.0,0.0,0.0,0.0,0.0,0.0,1.0,1
462,6.65492,0.0,18.1,0.0,0.713,6.317,83.0,2.7344,665.9999999999999,20.2,396.9,13.99,0.0,0.0,0.0,0.0,0.0,0.0,0.0,0.0,1.0,1
463,5.82115,0.0,18.1,0.0,0.713,6.513,89.9,2.8016,665.9999999999999,20.2,393.82,10.29,0.0,0.0,0.0,0.0,0.0,0.0,0.0,0.0,1.0,1
464,7.839319999999999,0.0,18.1,0.0,0.655,6.209,65.4,2.9634,665.9999999999999,20.2,396.9,13.219999999999999,0.0,0.0,0.0,0.0,0.0,0.0,0.0,0.0,1.0,1
465,3.1635999999999997,0.0,18.1,0.0,0.655,5.759,48.2,3.0665,665.9999999999999,20.2,334.4,14.13,0.0,0.0,0.0,0.0,0.0,0.0,0.0,0.0,1.0,1
466,3.77498,0.0,18.1,0.0,0.655,5.952,84.7,2.8715,665.9999999999999,20.2,22.01,17.15,0.0,0.0,0.0,0.0,0.0,0.0,0.0,0.0,1.0,1
467,4.42228,0.0,18.1,0.0,0.584,6.003,94.5,2.5403000000000002,665.9999999999999,20.2,331.29,21.32,0.0,0.0,0.0,0.0,0.0,0.0,0.0,0.0,1.0,1
468,15.5757,0.0,18.1,0.0,0.58,5.926,71.0,2.9084,665.9999999999999,20.2,368.74,18.13,0.0,0.0,0.0,0.0,0.0,0.0,0.0,0.0,1.0,1
469,13.0751,0.0,18.1,0.0,0.58,5.713,56.7,2.8237000000000005,665.9999999999999,20.2,396.9,14.76,0.0,0.0,0.0,0.0,0.0,0.0,0.0,0.0,1.0,1
470,4.34879,0.0,18.1,0.0,0.58,6.167000000000001,84.0,3.0334,665.9999999999999,20.2,396.9,16.29,0.0,0.0,0.0,0.0,0.0,0.0,0.0,0.0,1.0,1
471,4.03841,0.0,18.1,0.0,0.532,6.228999999999999,90.7,3.0993,665.9999999999999,20.2,395.33,12.87,0.0,0.0,0.0,0.0,0.0,0.0,0.0,0.0,1.0,1
472,3.56868,0.0,18.1,0.0,0.58,6.437,75.0,2.8965000000000005,665.9999999999999,20.2,393.37,14.36,0.0,0.0,0.0,0.0,0.0,0.0,0.0,0.0,1.0,1
473,4.64689,0.0,18.1,0.0,0.614,6.98,67.6,2.5329,665.9999999999999,20.2,374.68,11.66,0.0,0.0,0.0,0.0,0.0,0.0,0.0,0.0,1.0,1
474,8.05579,0.0,18.1,0.0,0.584,5.427,95.4,2.4298,665.9999999999999,20.2,352.58,18.14,0.0,0.0,0.0,0.0,0.0,0.0,0.0,0.0,1.0,1
475,6.39312,0.0,18.1,0.0,0.584,6.161999999999999,97.4,2.206,665.9999999999999,20.2,302.76,24.100000000000005,0.0,0.0,0.0,0.0,0.0,0.0,0.0,0.0,1.0,1
476,4.87141,0.0,18.1,0.0,0.614,6.484,93.6,2.3053,665.9999999999999,20.2,396.21,18.68,0.0,0.0,0.0,0.0,0.0,0.0,0.0,0.0,1.0,1
477,15.0234,0.0,18.1,0.0,0.614,5.304000000000001,97.3,2.1007,665.9999999999999,20.2,349.48,24.91,0.0,0.0,0.0,0.0,0.0,0.0,0.0,0.0,1.0,1
478,10.233,0.0,18.1,0.0,0.614,6.184999999999999,96.7,2.1705,665.9999999999999,20.2,379.7,18.03,0.0,0.0,0.0,0.0,0.0,0.0,0.0,0.0,1.0,1
479,14.3337,0.0,18.1,0.0,0.614,6.228999999999999,88.0,1.9512,665.9999999999999,20.2,383.32,13.11,0.0,0.0,0.0,0.0,0.0,0.0,0.0,0.0,1.0,1
480,5.8240099999999995,0.0,18.1,0.0,0.532,6.242,64.7,3.4242,665.9999999999999,20.2,396.9,10.74,0.0,0.0,0.0,0.0,0.0,0.0,0.0,0.0,1.0,1
481,5.70818,0.0,18.1,0.0,0.532,6.75,74.9,3.3317,665.9999999999999,20.2,393.07,7.740000000000001,0.0,0.0,0.0,0.0,0.0,0.0,0.0,0.0,1.0,1
482,5.731160000000001,0.0,18.1,0.0,0.532,7.061,77.0,3.4106,665.9999999999999,20.2,395.28,7.01,0.0,0.0,0.0,0.0,0.0,0.0,0.0,0.0,1.0,1
483,2.8183800000000003,0.0,18.1,0.0,0.532,5.762,40.3,4.0983,665.9999999999999,20.2,392.92,10.42,0.0,0.0,0.0,0.0,0.0,0.0,0.0,0.0,1.0,1
484,2.37857,0.0,18.1,0.0,0.583,5.871,41.9,3.724,665.9999999999999,20.2,370.73,13.34,0.0,0.0,0.0,0.0,0.0,0.0,0.0,0.0,1.0,1
485,3.67367,0.0,18.1,0.0,0.583,6.311999999999999,51.9,3.9917,665.9999999999999,20.2,388.62,10.58,0.0,0.0,0.0,0.0,0.0,0.0,0.0,0.0,1.0,1
486,5.69175,0.0,18.1,0.0,0.583,6.114000000000001,79.8,3.5459,665.9999999999999,20.2,392.68,14.98,0.0,0.0,0.0,0.0,0.0,0.0,0.0,0.0,1.0,1
487,4.83567,0.0,18.1,0.0,0.583,5.905,53.20000000000001,3.1523,665.9999999999999,20.2,388.22,11.45,0.0,0.0,0.0,0.0,0.0,0.0,0.0,0.0,1.0,1
488,0.15086,0.0,27.74,0.0,0.609,5.454,92.7,1.8208999999999997,711.0,20.1,395.09,18.06,0.0,0.0,0.0,1.0,0.0,0.0,0.0,0.0,0.0,3
489,0.18337000000000003,0.0,27.74,0.0,0.609,5.413999999999999,98.3,1.7554,711.0,20.1,344.05,23.970000000000002,0.0,0.0,0.0,1.0,0.0,0.0,0.0,0.0,0.0,3
490,0.20746,0.0,27.74,0.0,0.609,5.093,98.00000000000001,1.8226,711.0,20.1,318.43,29.68,0.0,0.0,0.0,1.0,0.0,0.0,0.0,0.0,0.0,3
491,0.10574000000000001,0.0,27.74,0.0,0.609,5.983,98.8,1.8681,711.0,20.1,390.11,18.07,0.0,0.0,0.0,1.0,0.0,0.0,0.0,0.0,0.0,3
492,0.11132000000000002,0.0,27.74,0.0,0.609,5.983,83.5,2.1099,711.0,20.1,396.9,13.35,0.0,0.0,0.0,1.0,0.0,0.0,0.0,0.0,0.0,3
493,0.17331,0.0,9.69,0.0,0.585,5.707,54.0,2.3817,391.0,19.2,396.9,12.01,0.0,0.0,0.0,0.0,0.0,1.0,0.0,0.0,0.0,2
494,0.27957,0.0,9.69,0.0,0.585,5.926,42.6,2.3817,391.0,19.2,396.9,13.59,0.0,0.0,0.0,0.0,0.0,1.0,0.0,0.0,0.0,2
495,0.17899,0.0,9.69,0.0,0.585,5.67,28.799999999999997,2.7986,391.0,19.2,393.29,17.6,0.0,0.0,0.0,0.0,0.0,1.0,0.0,0.0,0.0,2
496,0.2896,0.0,9.69,0.0,0.585,5.39,72.9,2.7986,391.0,19.2,396.9,21.140000000000008,0.0,0.0,0.0,0.0,0.0,1.0,0.0,0.0,0.0,2
497,0.26838,0.0,9.69,0.0,0.585,5.7940000000000005,70.6,2.8927,391.0,19.2,396.9,14.1,0.0,0.0,0.0,0.0,0.0,1.0,0.0,0.0,0.0,2
498,0.23912,0.0,9.69,0.0,0.585,6.019,65.3,2.4091,391.0,19.2,396.9,12.92,0.0,0.0,0.0,0.0,0.0,1.0,0.0,0.0,0.0,2
499,0.17783,0.0,9.69,0.0,0.585,5.569,73.5,2.3999,391.0,19.2,395.77,15.1,0.0,0.0,0.0,0.0,0.0,1.0,0.0,0.0,0.0,2
500,0.22438,0.0,9.69,0.0,0.585,6.027,79.7,2.4982,391.0,19.2,396.9,14.33,0.0,0.0,0.0,0.0,0.0,1.0,0.0,0.0,0.0,2
501,0.06263,0.0,11.93,0.0,0.573,6.593,69.1,2.4786,273.0,21.000000000000004,391.99,9.67,1.0,0.0,0.0,0.0,0.0,0.0,0.0,0.0,0.0,2
502,0.045270000000000005,0.0,11.93,0.0,0.573,6.12,76.7,2.2875,273.0,21.000000000000004,396.9,9.08,1.0,0.0,0.0,0.0,0.0,0.0,0.0,0.0,0.0,2
503,0.06076,0.0,11.93,0.0,0.573,6.976,91.0,2.1675,273.0,21.000000000000004,396.9,5.64,1.0,0.0,0.0,0.0,0.0,0.0,0.0,0.0,0.0,2
504,0.10959,0.0,11.93,0.0,0.573,6.794,89.3,2.3889,273.0,21.000000000000004,393.45,6.48,1.0,0.0,0.0,0.0,0.0,0.0,0.0,0.0,0.0,2
505,0.04741,0.0,11.93,0.0,0.573,6.03,80.8,2.5050000000000003,273.0,21.000000000000004,396.9,7.880000000000001,1.0,0.0,0.0,0.0,0.0,0.0,0.0,0.0,0.0,2
